f0,f1,f2,f3,f4,f5,f6,f7,f8,f9,f10,f11,f12,f13,f14,f15,f16,f17,f18,f19,f20,f21,f22,f23,f24,f25,f26,f27,f28,f29,f30,f31,f32,f33,f34,f35,f36,f37,f38,f39,f40,f41,f42,f43,f44,f45,f46,f47,f48,f49,f50,f51,f52,f53,f54,f55,f56,f57,f58,f59,f60,f61,f62,f63,f64,f65,f66,f67,f68,f69,f70,f71,f72,f73,f74,f75,f76,f77,f78,f79,f80,f81,f82,f83,f84,f85,f86,f87,f88,f89,f90,f91,f92,f93,f94,f95,f96,f97,f98,f99,f100,f101,f102,f103,f104,f105,f106,f107,f108,f109,f110,f111,f112,f113,f114,f115,f116,f117,f118,f119,f120,f121,f122,f123,f124,f125,f126,f127,f128,f129,f130,f131,f132,f133,f134,f135,f136,f137,f138,f139,f140,f141,f142,f143,f144,f145,f146,f147,f148,f149,class
-0.647885,-0.641992,-0.638186,-0.638259,-0.638345,-0.638697,-0.643049,-0.643768,-0.64505,-0.647118,-0.649153,-0.651246,-0.65729,-0.662201,-0.661232,-0.660987,-0.661562,-0.662256,-0.661912,-0.66274,-0.660934,-0.66345,-0.662194,-0.662336,-0.661712,-0.661392,-0.661408,-0.661447,-0.660373,-0.659108,-0.659742,-0.658176,-0.658395,-0.657348,-0.65852,-0.658486,-0.657366,-0.654358,-0.652518,-0.651316,-0.648145,-0.647333,-0.647098,-0.644862,-0.643604,-0.643492,-0.642651,-0.642097,-0.644479,-0.648892,-0.657659,-0.661203,-0.649664,-0.610168,-0.537435,-0.465031,-0.358535,-0.283136,-0.177446,0.158246,0.350285,0.48241,0.603807,0.797104,0.987551,1.20379,1.40654,1.59625,1.71283,1.77882,1.79385,1.79714,1.81019,1.82063,1.81722,1.83163,1.83163,1.82896,1.84538,1.84526,1.84581,1.84249,1.83536,1.83637,1.8407,1.83251,1.83176,1.82924,1.82239,1.81374,1.80657,1.78175,1.76817,1.715,1.63617,1.5421,1.41683,1.29536,1.17171,1.02948,0.832695,0.748737,0.484444,0.467997,0.136193,-0.020964,-0.241446,-0.429279,-0.547879,-0.657701,-0.740821,-0.775352,-0.782461,-0.769292,-0.743278,-0.719381,-0.696877,-0.686315,-0.673739,-0.66839,-0.664643,-0.664117,-0.664296,-0.661198,-0.659346,-0.652582,-0.643325,-0.638869,-0.636558,-0.633174,-0.633037,-0.633009,-0.633034,-0.635219,-0.63447,-0.635791,-0.636283,-0.635395,-0.636074,-0.637552,-0.639264,-0.639716,-0.639735,-0.640184,-0.639234,-0.639395,-0.640231,-0.640429,-0.638666,-0.638657,2
-0.644427,-0.645401,-0.647055,-0.647492,-0.64691,-0.643884,-0.639731,-0.638094,-0.635297,-0.635384,-0.634114,-0.633719,-0.632054,-0.632278,-0.62956,-0.628704,-0.627467,-0.624092,-0.620382,-0.615571,-0.612364,-0.608949,-0.608143,-0.608754,-0.609322,-0.609641,-0.610685,-0.611132,-0.61108,-0.61171,-0.610883,-0.609453,-0.608941,-0.606886,-0.604961,-0.602577,-0.60001,-0.598005,-0.597536,-0.597771,-0.596986,-0.59715,-0.595541,-0.593594,-0.595785,-0.599108,-0.591205,-0.565836,-0.507265,-0.472912,-0.396333,-0.334147,-0.200001,-0.0844937,0.100837,0.314894,0.525119,0.694554,0.807807,0.92774,1.08586,1.2465,1.41871,1.58844,1.71823,1.82488,1.84716,1.8518,1.87242,1.88724,1.89855,1.90938,1.91247,1.90967,1.91747,1.91903,1.91903,1.92518,1.91722,1.92005,1.92118,1.92289,1.91494,1.91969,1.90022,1.87587,1.82506,1.7656,1.66321,1.53123,1.38375,1.2475,1.11441,0.974986,0.862711,0.727535,0.625367,0.463262,0.225076,-0.012778,-0.237274,-0.378925,-0.496825,-0.612932,-0.711325,-0.769523,-0.801188,-0.813048,-0.814203,-0.808585,-0.798952,-0.780457,-0.763257,-0.752078,-0.732522,-0.722179,-0.710579,-0.700497,-0.692511,-0.685541,-0.675067,-0.669837,-0.663213,-0.659607,-0.652952,-0.649821,-0.647195,-0.645502,-0.645346,-0.644908,-0.645182,-0.645991,-0.644985,-0.643824,-0.642958,-0.642833,-0.643481,-0.643571,-0.641868,-0.641566,-0.64114,-0.641426,-0.639267,-0.637797,-0.63768,-0.63526,-0.63549,-0.634934,-0.634497,-0.631596,2
-0.778353,-0.778279,-0.777151,-0.777684,-0.7759,-0.772421,-0.765464,-0.762275,-0.763752,-0.765356,-0.765617,-0.765978,-0.768569,-0.77674,-0.781915,-0.782051,-0.777994,-0.776786,-0.776082,-0.778613,-0.782672,-0.780454,-0.777002,-0.769969,-0.769818,-0.768712,-0.769902,-0.772514,-0.772908,-0.774469,-0.774138,-0.76995,-0.769002,-0.769469,-0.771182,-0.770312,-0.761046,-0.719169,-0.66384,-0.639268,-0.63442,-0.6287,-0.633406,-0.624272,-0.598264,-0.57381,-0.56252,-0.550177,-0.528198,-0.476624,-0.392068,-0.308898,-0.0111567,0.287115,0.437996,0.618751,0.887148,1.13564,1.34145,1.52005,1.6115,1.65578,1.67504,1.68824,1.69861,1.70347,1.70374,1.70055,1.70003,1.69833,1.69698,1.6951,1.69675,1.69661,1.6942,1.68869,1.68869,1.6866,1.67822,1.67161,1.66793,1.66215,1.66241,1.65551,1.64838,1.63725,1.63716,1.63443,1.62212,1.59739,1.56757,1.50634,1.40585,1.28117,1.13922,0.979356,0.809064,0.646919,0.47169,0.302694,0.187737,0.0390584,-0.0786976,-0.208214,-0.312645,-0.388996,-0.451825,-0.499657,-0.533074,-0.557154,-0.562841,-0.577437,-0.598067,-0.620096,-0.637172,-0.64029,-0.636958,-0.630488,-0.60814,-0.587543,-0.571861,-0.553891,-0.539614,-0.538832,-0.55839,-0.588639,-0.629288,-0.66251,-0.69088,-0.707174,-0.722285,-0.732654,-0.738737,-0.739236,-0.738409,-0.737187,-0.731407,-0.727402,-0.727491,-0.723785,-0.722055,-0.718712,-0.713534,-0.710021,-0.704126,-0.703263,-0.703393,-0.704196,-0.707605,-0.70712,1
-0.75006,-0.748103,-0.746164,-0.745926,-0.743767,-0.743805,-0.745213,-0.745082,-0.745727,-0.745815,-0.745989,-0.745682,-0.7457,-0.745617,-0.746346,-0.745638,-0.74554,-0.744884,-0.744836,-0.746059,-0.744289,-0.744811,-0.745005,-0.744284,-0.742626,-0.742156,-0.741198,-0.740759,-0.738831,-0.73786,-0.729461,-0.700135,-0.650039,-0.60092,-0.577893,-0.569868,-0.563018,-0.570643,-0.57865,-0.585572,-0.585799,-0.574864,-0.557929,-0.538904,-0.516001,-0.474836,-0.406916,-0.327808,-0.252463,-0.0707979,0.112651,0.253075,0.480886,0.681988,0.872822,1.06665,1.25391,1.44374,1.61975,1.70016,1.73364,1.75238,1.76611,1.7717,1.77357,1.7781,1.7807,1.78159,1.78328,1.77978,1.78197,1.77693,1.77685,1.77623,1.77654,1.7774,1.7774,1.77187,1.7642,1.76225,1.7637,1.75944,1.7527,1.74222,1.71825,1.67777,1.61653,1.51422,1.39925,1.26103,1.11757,0.957252,0.785398,0.615984,0.450228,0.287269,0.144677,0.0184792,-0.109555,-0.214499,-0.311153,-0.373195,-0.427636,-0.458976,-0.479632,-0.505166,-0.517643,-0.526492,-0.534818,-0.539703,-0.549705,-0.553205,-0.554254,-0.553871,-0.553061,-0.556431,-0.555631,-0.561954,-0.57254,-0.591587,-0.62088,-0.659319,-0.700897,-0.735233,-0.768426,-0.78611,-0.792305,-0.791514,-0.790009,-0.78887,-0.78195,-0.774196,-0.767725,-0.754415,-0.743249,-0.734184,-0.723409,-0.721792,-0.721264,-0.720908,-0.721667,-0.724661,-0.72923,-0.72894,-0.727834,-0.728244,-0.726453,-0.725517,-0.725191,-0.724679,1
-0.599539,-0.597422,-0.599269,-0.598259,-0.597582,-0.591303,-0.58902,-0.587533,-0.585462,-0.583848,-0.581602,-0.578487,-0.577985,-0.576536,-0.578616,-0.577407,-0.577595,-0.576627,-0.57471,-0.57755,-0.575592,-0.575417,-0.575104,-0.57554,-0.572753,-0.572824,-0.57425,-0.57437,-0.573252,-0.573927,-0.572009,-0.567769,-0.568051,-0.568967,-0.567782,-0.568883,-0.567998,-0.570383,-0.565436,-0.56457,-0.561158,-0.557265,-0.553556,-0.538264,-0.507968,-0.442074,-0.334412,-0.124858,0.0929374,0.296607,0.503035,0.657064,0.776174,0.856013,0.955077,1.10151,1.29607,1.50354,1.72188,1.90312,2.02353,2.04107,2.04087,2.05212,2.05337,2.03633,2.03579,2.04201,2.0322,2.03665,2.03713,2.03698,2.03122,2.0341,2.02414,2.02454,2.02454,2.0274,2.01335,1.9501,1.83998,1.6938,1.52969,1.36335,1.21523,1.05782,0.868397,0.647252,0.37503,0.0985279,-0.125578,-0.380161,-0.542026,-0.667489,-0.724807,-0.733465,-0.724631,-0.699723,-0.680638,-0.666427,-0.657679,-0.649233,-0.643549,-0.635318,-0.623604,-0.609411,-0.58823,-0.566645,-0.541236,-0.5239,-0.518901,-0.521431,-0.529853,-0.541296,-0.555903,-0.571195,-0.582411,-0.588252,-0.592227,-0.593795,-0.594357,-0.593191,-0.592781,-0.592701,-0.595135,-0.591788,-0.597396,-0.59972,-0.601365,-0.601419,-0.606055,-0.605999,-0.611499,-0.61665,-0.621454,-0.625936,-0.632731,-0.63336,-0.63909,-0.640682,-0.644036,-0.643885,-0.645742,-0.646458,-0.646464,-0.645585,-0.642412,-0.643337,-0.636803,-0.631716,2
-0.547736,-0.55366,-0.557194,-0.559599,-0.564312,-0.56822,-0.571968,-0.575826,-0.577354,-0.580818,-0.586878,-0.59101,-0.593977,-0.599701,-0.602161,-0.605721,-0.608918,-0.612435,-0.613588,-0.619384,-0.620815,-0.621907,-0.621725,-0.620022,-0.620175,-0.620274,-0.618777,-0.615543,-0.616023,-0.612176,-0.614967,-0.614422,-0.613958,-0.614819,-0.615648,-0.617296,-0.616108,-0.616683,-0.614851,-0.617599,-0.618277,-0.61659,-0.617325,-0.617611,-0.60155,-0.533992,-0.41862,-0.211632,0.0414831,0.291233,0.563778,0.762261,0.917657,1.05356,1.16199,1.27223,1.38709,1.51012,1.62594,1.71949,1.81019,1.88672,1.89292,1.89548,1.8989,1.89981,1.90982,1.91487,1.91712,1.91653,1.91819,1.91796,1.92685,1.92656,1.91902,1.91082,1.91082,1.90072,1.89085,1.85768,1.79918,1.72867,1.6227,1.48491,1.32846,1.176,1.02793,0.88848,0.777604,0.695038,0.614593,0.521874,0.440705,0.32245,0.215633,0.088056,-0.0625718,-0.19821,-0.352687,-0.461958,-0.567017,-0.653467,-0.727692,-0.787541,-0.816947,-0.826486,-0.8158,-0.802491,-0.793663,-0.783994,-0.768414,-0.753746,-0.735586,-0.717303,-0.711357,-0.704755,-0.699135,-0.694545,-0.696177,-0.697514,-0.695421,-0.694836,-0.692408,-0.691545,-0.690224,-0.687774,-0.688935,-0.690306,-0.691224,-0.689488,-0.693318,-0.692508,-0.693614,-0.699891,-0.69909,-0.701458,-0.700646,-0.699445,-0.702052,-0.705324,-0.706939,-0.704759,-0.7039,-0.704163,-0.70541,-0.705741,-0.703861,-0.706541,-0.710381,-0.710854,2
-1.26118,-1.29488,-1.31011,-1.3196,-1.32026,-1.317,-1.30963,-1.29673,-1.28476,-1.28014,-1.27673,-1.27577,-1.27271,-1.27378,-1.27188,-1.27455,-1.27348,-1.27286,-1.27231,-1.27332,-1.27065,-1.27091,-1.26025,-1.22786,-1.13677,-0.992785,-0.784767,-0.52404,-0.266907,-0.00201944,0.238481,0.437911,0.589705,0.689779,0.752707,0.793382,0.823796,0.838475,0.853088,0.855676,0.870913,0.867947,0.88028,0.882636,0.888462,0.887128,0.886199,0.882756,0.88501,0.886901,0.887055,0.886189,0.891012,0.891865,0.897586,0.891271,0.891204,0.892853,0.895958,0.893139,0.894972,0.88776,0.893522,0.893341,0.88614,0.894257,0.888773,0.889594,0.889809,0.888193,0.894593,0.894137,0.895383,0.895698,0.895344,0.895206,0.895206,0.893347,0.895268,0.894013,0.892722,0.889424,0.887768,0.889691,0.888908,0.882963,0.88667,0.883619,0.878502,0.870319,0.872089,0.869199,0.87106,0.869283,0.868632,0.87105,0.860471,0.859206,0.858799,0.856612,0.858512,0.853314,0.844665,0.837732,0.829985,0.808377,0.793918,0.781312,0.743377,0.716155,0.687685,0.648212,0.598386,0.545616,0.456535,0.348016,0.208081,0.0467214,-0.144277,-0.348201,-0.545081,-0.751233,-0.928546,-1.07698,-1.20588,-1.30223,-1.33407,-1.35503,-1.36384,-1.36229,-1.35171,-1.32306,-1.29085,-1.25859,-1.23839,-1.2239,-1.221,-1.22657,-1.24124,-1.24964,-1.26011,-1.26923,-1.27446,-1.27898,-1.28009,-1.28135,-1.28128,-1.28062,-1.28021,-1.27994,2
-2.01258,-2.01207,-2.01163,-2.01353,-2.01344,-2.01322,-2.01425,-2.01228,-2.01406,-2.013,-2.01365,-2.01373,-2.01371,-2.01569,-2.01552,-2.01641,-2.01783,-2.01761,-2.01868,-2.01981,-2.01971,-2.02184,-2.01356,-1.99396,-1.94311,-1.83392,-1.67447,-1.46997,-1.2115,-0.942918,-0.650607,-0.366054,-0.103959,0.108553,0.286011,0.418856,0.504473,0.553471,0.574983,0.579284,0.579739,0.571749,0.555498,0.551053,0.552144,0.553717,0.552598,0.54817,0.553014,0.567999,0.559548,0.567303,0.573652,0.569153,0.574039,0.574454,0.578887,0.580826,0.579117,0.589424,0.578684,0.582106,0.585396,0.585752,0.587256,0.593964,0.591123,0.592958,0.592027,0.587027,0.593098,0.587054,0.592486,0.592352,0.58605,0.584494,0.584494,0.59024,0.586562,0.581636,0.578596,0.574982,0.571219,0.579306,0.574212,0.574099,0.578501,0.577236,0.57713,0.581337,0.567039,0.575402,0.561579,0.565007,0.562577,0.561603,0.564622,0.561972,0.569559,0.560504,0.561879,0.562687,0.565229,0.560298,0.557073,0.560352,0.556923,0.553919,0.555177,0.55769,0.55856,0.558869,0.558631,0.56289,0.56199,0.565088,0.566615,0.567531,0.568624,0.567088,0.573003,0.572242,0.579567,0.578459,0.579993,0.579526,0.577089,0.581832,0.581752,0.583042,0.577503,0.582964,0.581938,0.569949,0.575248,0.576982,0.563678,0.543056,0.52759,0.478296,0.42697,0.360089,0.27434,0.163402,0.0195923,-0.150113,-0.333859,-0.551477,-0.782467,-1.00799,2
-1.06557,-1.0665,-1.06722,-1.0682,-1.06762,-1.07125,-1.06749,-1.06782,-1.06788,-1.06982,-1.07036,-1.06957,-1.06898,-1.06676,-1.06878,-1.06699,-1.07118,-1.03248,-0.980267,-0.866834,-0.689321,-0.46244,-0.224644,0.0310685,0.284664,0.50799,0.699334,0.842865,0.964993,1.01619,1.07054,1.08991,1.08669,1.09716,1.09089,1.08297,1.07993,1.07824,1.08544,1.08765,1.08858,1.0889,1.0875,1.0879,1.08752,1.08584,1.0778,1.07734,1.0756,1.07733,1.07101,1.06713,1.06484,1.07004,1.06759,1.07072,1.06703,1.06763,1.06756,1.06059,1.06009,1.06318,1.05994,1.06329,1.06047,1.06254,1.05857,1.05705,1.05758,1.05632,1.05288,1.05401,1.06,1.05814,1.05472,1.05963,1.05963,1.05856,1.05955,1.05979,1.05545,1.05453,1.05537,1.03299,1.0163,1.01699,0.996341,0.973374,0.927096,0.910385,0.883118,0.829533,0.772337,0.692371,0.601155,0.498144,0.369302,0.21617,0.0539291,-0.124067,-0.293947,-0.445559,-0.601654,-0.744799,-0.853717,-0.950797,-1.0251,-1.07675,-1.10705,-1.11502,-1.11509,-1.1104,-1.09529,-1.07707,-1.0687,-1.06137,-1.05405,-1.05261,-1.05262,-1.04752,-1.04767,-1.04678,-1.04545,-1.04673,-1.04535,-1.04574,-1.04352,-1.04369,-1.04454,-1.04367,-1.0458,-1.04581,-1.04614,-1.04796,-1.04838,-1.04839,-1.05168,-1.05019,-1.0485,-1.04811,-1.0516,-1.04651,-1.04887,-1.0463,-1.04658,-1.03803,-1.03761,-1.03343,-1.03146,-1.03016,2
-1.17721,-1.17584,-1.17319,-1.17089,-1.16949,-1.16631,-1.16592,-1.16764,-1.1669,-1.16844,-1.16867,-1.16988,-1.17198,-1.1745,-1.17223,-1.15104,-1.11124,-1.03811,-0.963577,-0.879187,-0.817756,-0.778333,-0.763751,-0.758157,-0.760056,-0.744711,-0.72135,-0.701085,-0.688572,-0.681296,-0.674616,-0.673104,-0.672518,-0.654698,-0.607994,-0.540509,-0.412173,-0.253204,-0.0981278,0.0790749,0.22602,0.379002,0.50076,0.628002,0.738855,0.854198,0.944192,1.02504,1.0879,1.13109,1.16093,1.17049,1.18723,1.18839,1.18929,1.19367,1.20148,1.20239,1.20091,1.19897,1.20224,1.19913,1.19923,1.20073,1.19844,1.2002,1.19738,1.19721,1.19733,1.19477,1.19258,1.1914,1.1898,1.18626,1.19228,1.18938,1.18938,1.19138,1.19171,1.18961,1.18806,1.19099,1.19172,1.19135,1.19594,1.19288,1.19371,1.18499,1.18861,1.18717,1.18252,1.18104,1.17888,1.17276,1.16586,1.1553,1.1236,1.09795,1.05418,0.988377,0.906527,0.818147,0.708663,0.597928,0.485545,0.371931,0.25358,0.145045,0.0308563,-0.0789097,-0.177546,-0.284342,-0.373429,-0.475223,-0.555375,-0.63135,-0.697966,-0.757978,-0.791072,-0.813008,-0.826093,-0.835069,-0.838294,-0.832031,-0.829396,-0.823867,-0.823237,-0.820905,-0.819597,-0.828092,-0.836456,-0.843884,-0.859819,-0.881157,-0.906539,-0.931954,-0.963936,-1.01568,-1.08187,-1.15164,-1.22556,-1.2957,-1.32742,-1.32707,-1.30044,-1.27114,-1.26728,-1.26501,-1.27072,-1.26213,1
-0.816323,-0.814104,-0.815892,-0.81422,-0.816649,-0.816978,-0.811393,-0.811339,-0.812096,-0.813699,-0.811586,-0.808368,-0.797185,-0.763087,-0.728759,-0.674797,-0.627516,-0.591224,-0.565056,-0.569593,-0.589671,-0.619967,-0.649171,-0.656722,-0.637462,-0.629167,-0.608469,-0.590588,-0.573111,-0.560632,-0.545885,-0.524812,-0.516762,-0.497953,-0.469088,-0.421307,-0.360122,-0.253859,-0.12858,0.0118654,0.176121,0.365969,0.535591,0.697752,0.833522,0.959848,1.0656,1.15116,1.22794,1.29395,1.34549,1.39893,1.39597,1.40318,1.41787,1.4269,1.42738,1.42733,1.44406,1.4504,1.43756,1.43807,1.4348,1.40995,1.41791,1.41175,1.4077,1.41645,1.41436,1.41149,1.4034,1.40858,1.41397,1.41052,1.4145,1.41568,1.41568,1.41873,1.39911,1.40725,1.40315,1.39813,1.40722,1.39927,1.39289,1.4059,1.38691,1.34675,1.27574,1.22665,1.11597,0.999774,0.858549,0.704642,0.554802,0.396862,0.222819,0.0750526,-0.0800401,-0.214504,-0.339498,-0.459344,-0.548772,-0.616744,-0.656312,-0.673509,-0.678162,-0.694045,-0.686494,-0.699511,-0.696812,-0.695333,-0.694607,-0.690996,-0.692722,-0.699532,-0.709292,-0.725483,-0.73591,-0.745807,-0.767715,-0.804484,-0.855228,-0.95441,-1.05956,-1.12134,-1.1392,-1.14252,-1.1346,-1.12572,-1.11614,-1.10418,-1.08891,-1.07861,-1.06482,-1.05561,-1.04401,-1.03781,-1.03205,-1.02776,-1.0272,-1.02807,-1.02161,-1.02119,-1.02479,-1.02172,-1.02289,-1.02138,-1.02227,-1.02298,1
-1.13685,-1.14075,-1.13947,-1.13001,-1.12161,-1.11899,-1.11225,-1.11317,-1.11573,-1.11475,-1.11482,-1.11475,-1.11598,-1.11814,-1.11518,-1.10381,-1.08311,-1.04259,-0.982471,-0.919737,-0.845209,-0.791454,-0.761405,-0.729414,-0.723871,-0.705878,-0.693136,-0.685011,-0.684572,-0.678627,-0.667672,-0.655834,-0.655289,-0.656687,-0.656586,-0.654749,-0.641395,-0.590441,-0.466836,-0.326091,-0.142156,0.0524064,0.221818,0.390879,0.539884,0.674645,0.798308,0.905193,0.994718,1.08321,1.15405,1.1977,1.20759,1.22105,1.22134,1.21527,1.21553,1.21491,1.23042,1.22049,1.22346,1.22069,1.22042,1.21409,1.21996,1.21166,1.2125,1.20626,1.20754,1.19978,1.20583,1.20667,1.20824,1.20739,1.2083,1.20815,1.20815,1.2023,1.19772,1.1951,1.19655,1.19876,1.19924,1.2011,1.19643,1.20317,1.20141,1.20282,1.2001,1.20166,1.19902,1.20543,1.1975,1.19804,1.18564,1.17943,1.16451,1.15655,1.13624,1.09078,1.03457,0.981475,0.895724,0.78659,0.67738,0.544174,0.401186,0.266303,0.124162,-0.0238494,-0.155492,-0.298195,-0.419024,-0.535276,-0.626439,-0.708875,-0.769285,-0.801506,-0.825357,-0.834898,-0.833048,-0.833017,-0.834232,-0.834262,-0.836453,-0.846482,-0.849364,-0.848558,-0.848313,-0.851891,-0.856353,-0.861195,-0.877039,-0.903993,-0.970599,-1.0553,-1.15045,-1.20191,-1.21999,-1.21646,-1.18608,-1.15496,-1.13024,-1.11883,-1.12213,-1.12409,-1.12024,-1.11185,-1.10358,-1.104,1
-1.11502,-1.18659,-1.26363,-1.34171,-1.38551,-1.40617,-1.39643,-1.33813,-1.30699,-1.31258,-1.31983,-1.3314,-1.33973,-1.33232,-1.32613,-1.31057,-1.29533,-1.29514,-1.30327,-1.29515,-1.25803,-1.20851,-1.12396,-1.0271,-0.940232,-0.874546,-0.846784,-0.826899,-0.820564,-0.817713,-0.814079,-0.821733,-0.82091,-0.812852,-0.796441,-0.796436,-0.790567,-0.77824,-0.758935,-0.738216,-0.708854,-0.660988,-0.54909,-0.411347,-0.253371,-0.0756089,0.0935481,0.259836,0.396344,0.519885,0.622457,0.727768,0.812151,0.889512,0.945446,0.994675,1.02876,1.06705,1.08244,1.08836,1.09791,1.09853,1.09424,1.09274,1.1085,1.10424,1.10214,1.09968,1.09848,1.09678,1.09759,1.09672,1.09549,1.09129,1.08649,1.08451,1.08451,1.08575,1.08384,1.07923,1.08494,1.08179,1.08302,1.08556,1.08285,1.0858,1.08616,1.08083,1.08232,1.07948,1.08369,1.08246,1.08189,1.08018,1.0784,1.07457,1.07454,1.07687,1.07552,1.07833,1.07883,1.07438,1.07799,1.07352,1.07093,1.07138,1.06829,1.06209,1.05653,1.0376,1.01921,0.991066,0.939718,0.864742,0.781175,0.676633,0.568878,0.44714,0.319273,0.19493,0.0692899,-0.0637282,-0.190812,-0.312118,-0.455783,-0.59113,-0.714159,-0.81677,-0.890012,-0.942628,-0.984421,-1.00102,-1.00485,-1.00657,-1.00286,-0.998238,-0.992056,-0.990775,-0.991785,-0.987524,-0.991173,-0.995515,-0.996563,-0.998444,-1.00187,-1.00721,-1.01285,-1.0213,-1.02915,-1.04471,1
-1.20116,-1.20841,-1.20648,-1.20306,-1.18097,-1.16562,-1.16427,-1.16862,-1.16374,-1.16406,-1.16154,-1.1575,-1.15811,-1.15708,-1.16293,-1.16208,-1.16102,-1.15553,-1.13143,-1.08685,-1.00498,-0.885796,-0.781877,-0.718216,-0.675154,-0.666501,-0.667786,-0.663011,-0.653384,-0.646231,-0.637457,-0.618899,-0.591112,-0.55169,-0.529199,-0.486896,-0.383849,-0.223617,-0.0408898,0.105145,0.293759,0.509157,0.628408,0.72149,0.811608,0.918762,1.01,1.08097,1.14685,1.16733,1.19649,1.20949,1.2141,1.2086,1.20559,1.19959,1.20555,1.19828,1.20225,1.19866,1.19426,1.20719,1.20167,1.19165,1.19302,1.19496,1.19175,1.1881,1.18419,1.19074,1.18762,1.19326,1.19455,1.1836,1.19064,1.17326,1.17326,1.17444,1.18844,1.19589,1.1785,1.19166,1.18406,1.18081,1.1863,1.1848,1.19576,1.1914,1.18173,1.18426,1.1702,1.17745,1.1539,1.15541,1.1439,1.12407,1.11353,1.07565,1.02445,0.958411,0.889748,0.801131,0.682862,0.557481,0.441806,0.308165,0.199951,0.062054,-0.0787756,-0.209787,-0.335816,-0.466418,-0.539784,-0.614557,-0.681481,-0.73038,-0.774974,-0.803636,-0.808926,-0.815146,-0.819933,-0.824858,-0.825374,-0.820687,-0.820099,-0.831077,-0.824776,-0.823135,-0.830679,-0.840602,-0.846546,-0.85445,-0.855958,-0.870257,-0.881327,-0.892981,-0.909683,-0.92429,-0.963663,-1.01453,-1.09103,-1.16539,-1.27292,-1.34354,-1.33769,-1.33649,-1.28409,-1.20696,-1.12214,-1.08221,1
-0.603291,-0.607376,-0.606829,-0.607565,-0.604953,-0.596126,-0.590059,-0.58622,-0.583763,-0.58308,-0.581646,-0.580269,-0.579049,-0.577576,-0.572334,-0.571264,-0.566863,-0.56655,-0.562378,-0.562324,-0.56109,-0.562247,-0.56121,-0.561033,-0.561262,-0.564696,-0.567712,-0.575464,-0.582151,-0.587911,-0.594766,-0.602119,-0.609235,-0.613496,-0.611307,-0.615157,-0.612994,-0.613625,-0.610228,-0.606872,-0.598305,-0.586682,-0.577086,-0.565364,-0.555865,-0.549011,-0.5392,-0.533288,-0.5288,-0.511449,-0.496278,-0.470311,-0.434966,-0.367428,-0.297022,-0.239685,0.06958,0.25768,0.436182,0.57948,0.7313,0.906012,1.11712,1.36019,1.61228,1.79548,1.89474,1.92549,1.95079,1.95764,1.97521,1.9944,1.99896,2.00946,2.01687,2.01691,2.01691,2.01996,2.02277,2.02674,2.02983,2.02677,2.02323,2.01869,2.01145,1.98967,1.92772,1.83758,1.69436,1.52121,1.3611,1.21835,1.07518,0.955568,0.831043,0.688692,0.522359,0.496847,0.307387,0.0331383,-0.18204,-0.334814,-0.470589,-0.617252,-0.732267,-0.809439,-0.858538,-0.870316,-0.861645,-0.838815,-0.809395,-0.792218,-0.778319,-0.759823,-0.74043,-0.717322,-0.693542,-0.676248,-0.661511,-0.647934,-0.641902,-0.63702,-0.633793,-0.632143,-0.625067,-0.620839,-0.613817,-0.604299,-0.595425,-0.589734,-0.583624,-0.575829,-0.571092,-0.569279,-0.569971,-0.574333,-0.580422,-0.590365,-0.593539,-0.596191,-0.596761,-0.594511,-0.595603,-0.603554,-0.612209,-0.623519,-0.625307,-0.625411,-0.614697,-0.604779,2
-1.16201,-1.16136,-1.16238,-1.16407,-1.16146,-1.1578,-1.15945,-1.16142,-1.15871,-1.16159,-1.15857,-1.15393,-1.1553,-1.15629,-1.15774,-1.13723,-1.08732,-1.00759,-0.922729,-0.833908,-0.773513,-0.757428,-0.749781,-0.740811,-0.747683,-0.748068,-0.740866,-0.736305,-0.736484,-0.736968,-0.732724,-0.72451,-0.713219,-0.707344,-0.698676,-0.694349,-0.669385,-0.615836,-0.50646,-0.366078,-0.222831,-0.047168,0.141899,0.29323,0.423288,0.557161,0.680351,0.786906,0.894216,0.973343,1.03948,1.09351,1.14282,1.17961,1.20728,1.213,1.2158,1.22986,1.22994,1.23375,1.23412,1.24268,1.25791,1.25825,1.24874,1.25714,1.25158,1.25253,1.25758,1.24084,1.24748,1.24638,1.24496,1.24678,1.25259,1.23845,1.23845,1.24413,1.23493,1.24118,1.23503,1.23928,1.23685,1.22525,1.22362,1.22124,1.22706,1.22303,1.23666,1.23279,1.22652,1.22741,1.22691,1.21706,1.20923,1.20754,1.18952,1.17623,1.14319,1.10673,1.05467,0.98044,0.890414,0.778713,0.658195,0.503147,0.34939,0.183672,0.0438416,-0.0905191,-0.212444,-0.331554,-0.447322,-0.542715,-0.622701,-0.686271,-0.727094,-0.76162,-0.779135,-0.790414,-0.795695,-0.797521,-0.799001,-0.797176,-0.804039,-0.812498,-0.819432,-0.820266,-0.823112,-0.822872,-0.818109,-0.817306,-0.827549,-0.846416,-0.868976,-0.904568,-0.955816,-1.01686,-1.07302,-1.10257,-1.12759,-1.13673,-1.13784,-1.13254,-1.12939,-1.1282,-1.12822,-1.12578,-1.12135,-1.11619,1
-0.808018,-0.809292,-0.808723,-0.805904,-0.803404,-0.801347,-0.798875,-0.794809,-0.791848,-0.790466,-0.78838,-0.786857,-0.789037,-0.786905,-0.785023,-0.782968,-0.783164,-0.782336,-0.780878,-0.782168,-0.781962,-0.781696,-0.78208,-0.780966,-0.780985,-0.78023,-0.778599,-0.778323,-0.777879,-0.776987,-0.774816,-0.771305,-0.771066,-0.768832,-0.767423,-0.765018,-0.76492,-0.764629,-0.765865,-0.767126,-0.76625,-0.766156,-0.765148,-0.762802,-0.741952,-0.699349,-0.626239,-0.505243,-0.327077,-0.11366,0.196851,0.424204,0.521738,0.624447,0.728809,0.819014,0.922218,1.05051,1.19108,1.34036,1.44829,1.51442,1.54232,1.54499,1.55572,1.56532,1.57972,1.58971,1.60273,1.61954,1.61846,1.62625,1.62639,1.62838,1.63388,1.62978,1.62978,1.63369,1.62891,1.63478,1.63303,1.63691,1.6371,1.63263,1.6323,1.63242,1.63122,1.63381,1.62561,1.61438,1.58196,1.53638,1.45944,1.34495,1.20741,1.07726,0.950246,0.830281,0.713732,0.603857,0.483865,0.358933,0.192481,0.030209,-0.134533,-0.292545,-0.438553,-0.569322,-0.681211,-0.749301,-0.772784,-0.771307,-0.755872,-0.729114,-0.714985,-0.711611,-0.71302,-0.718539,-0.721635,-0.719416,-0.713318,-0.701784,-0.684864,-0.678223,-0.676097,-0.679537,-0.684114,-0.689051,-0.694587,-0.696338,-0.698325,-0.700443,-0.7051,-0.706256,-0.705812,-0.705811,-0.705816,-0.703543,-0.699835,-0.695645,-0.695193,-0.695277,-0.690663,-0.690106,-0.685703,-0.680779,-0.676761,-0.673248,-0.668439,-0.663304,2
-0.622128,-0.619164,-0.613308,-0.611285,-0.607336,-0.607347,-0.607487,-0.606411,-0.606287,-0.609101,-0.611607,-0.614403,-0.618005,-0.622008,-0.622707,-0.624563,-0.62489,-0.626505,-0.626604,-0.626163,-0.628758,-0.629321,-0.628205,-0.630794,-0.631836,-0.632181,-0.633712,-0.635549,-0.638644,-0.638452,-0.640122,-0.641764,-0.644417,-0.643669,-0.644553,-0.643671,-0.644043,-0.645262,-0.643554,-0.642376,-0.642154,-0.641027,-0.640164,-0.640453,-0.641571,-0.641075,-0.627296,-0.592531,-0.555418,-0.513802,-0.447743,-0.413711,-0.312656,-0.20407,0.136454,0.251866,0.334051,0.430016,0.548873,0.718596,0.929585,1.13367,1.36983,1.50816,1.6784,1.74301,1.79815,1.81078,1.8369,1.84221,1.84719,1.84848,1.85329,1.85138,1.86193,1.86236,1.86236,1.86226,1.86714,1.86811,1.86476,1.86502,1.86488,1.86114,1.85298,1.84311,1.83636,1.81993,1.79148,1.734,1.64137,1.50326,1.34259,1.17931,1.01888,0.876933,0.747433,0.586853,0.556263,0.296608,0.264688,0.00636376,-0.290545,-0.431688,-0.590696,-0.747676,-0.863758,-0.925611,-0.947902,-0.950039,-0.944223,-0.935064,-0.915531,-0.892937,-0.861129,-0.828382,-0.796759,-0.765565,-0.741122,-0.715647,-0.695354,-0.672739,-0.653683,-0.634158,-0.62076,-0.609414,-0.60491,-0.604533,-0.603779,-0.602916,-0.602753,-0.598173,-0.589885,-0.581245,-0.572723,-0.570147,-0.568961,-0.57004,-0.57422,-0.579345,-0.586214,-0.595359,-0.598823,-0.603955,-0.609916,-0.61539,-0.624009,-0.628865,-0.640098,-0.650745,2
-1.05401,-1.05072,-1.04767,-1.04745,-1.04877,-1.04778,-1.04789,-1.04754,-1.04737,-1.04466,-1.04856,-1.04778,-1.04579,-1.04645,-1.05077,-1.0479,-1.03353,-0.987917,-0.930063,-0.879424,-0.856492,-0.839841,-0.839486,-0.848491,-0.840329,-0.800429,-0.786129,-0.769917,-0.759231,-0.746634,-0.735976,-0.730038,-0.718746,-0.707845,-0.682081,-0.63057,-0.54237,-0.423069,-0.269596,-0.0931542,0.0651866,0.214656,0.341585,0.452326,0.566865,0.667352,0.78461,0.889331,0.992979,1.07174,1.13691,1.19617,1.2041,1.21957,1.21369,1.22508,1.22943,1.23806,1.23683,1.23679,1.23167,1.23591,1.24047,1.23686,1.23702,1.23617,1.23583,1.23686,1.23822,1.23879,1.23631,1.23882,1.24019,1.2393,1.23908,1.24436,1.24436,1.24682,1.24865,1.24722,1.24845,1.25181,1.2532,1.25287,1.25435,1.25652,1.26363,1.26329,1.26335,1.26487,1.26791,1.27001,1.27503,1.26999,1.26359,1.26092,1.25009,1.20373,1.14665,1.04297,0.922126,0.786098,0.635975,0.497412,0.369074,0.184334,0.0578461,-0.1004,-0.221787,-0.356613,-0.471928,-0.560464,-0.654238,-0.735476,-0.769844,-0.794398,-0.805569,-0.808464,-0.81278,-0.816156,-0.816082,-0.81513,-0.806575,-0.81406,-0.804314,-0.805959,-0.805198,-0.816949,-0.810432,-0.820203,-0.834544,-0.85716,-0.890562,-0.972051,-1.04336,-1.12404,-1.17164,-1.16946,-1.14285,-1.10744,-1.08262,-1.07152,-1.06356,-1.06698,-1.07132,-1.06811,-1.06897,-1.06915,-1.06664,-1.0648,1
-1.08254,-1.08247,-1.0843,-1.08326,-1.0841,-1.08522,-1.08323,-1.08349,-1.08323,-1.08481,-1.08404,-1.08234,-1.08416,-1.0843,-1.08596,-1.08689,-1.08547,-1.08515,-1.07367,-1.01342,-0.91002,-0.74088,-0.517116,-0.285696,-0.0313725,0.200999,0.423922,0.616754,0.755996,0.842835,0.913095,0.959757,0.987576,1.00652,1.01514,1.00573,1.02029,1.01499,1.01408,1.01476,1.02053,1.02102,1.02533,1.02722,1.0271,1.03048,1.03189,1.02857,1.03213,1.02504,1.02379,1.02151,1.01969,0.993156,0.997317,1.00268,1.00143,0.998966,0.996332,0.997755,0.999174,1.00022,1.00007,0.995316,1.00318,0.999002,0.994615,0.994416,0.995915,0.991408,0.989326,0.988629,0.990804,0.989816,0.988091,0.993285,0.993285,0.989528,0.994339,0.987388,0.994621,0.990113,0.998212,0.997188,0.99189,0.994811,0.997374,1.00409,1.00475,0.999236,0.996172,1.00011,0.982568,0.970224,0.942067,0.882398,0.829816,0.751506,0.669184,0.570869,0.450739,0.319861,0.184377,0.0373382,-0.115066,-0.260351,-0.405114,-0.545042,-0.677853,-0.800477,-0.913358,-1.0056,-1.1006,-1.15723,-1.18666,-1.19687,-1.19708,-1.19139,-1.18064,-1.16981,-1.15079,-1.15034,-1.14566,-1.14526,-1.14051,-1.14351,-1.13966,-1.14166,-1.14219,-1.14283,-1.1417,-1.14207,-1.14341,-1.14407,-1.14442,-1.14486,-1.14669,-1.1452,-1.14508,-1.14473,-1.14716,-1.14603,-1.1459,-1.14719,-1.14596,-1.14852,-1.14956,-1.14834,-1.1498,-1.14831,2
-0.851924,-0.849687,-0.850311,-0.848363,-0.845198,-0.839203,-0.834818,-0.834412,-0.834664,-0.833264,-0.832376,-0.83234,-0.833463,-0.832701,-0.832586,-0.833372,-0.833416,-0.832934,-0.834221,-0.833637,-0.835248,-0.834428,-0.835081,-0.832704,-0.833382,-0.834765,-0.832987,-0.833611,-0.832989,-0.832784,-0.831964,-0.831941,-0.831328,-0.81771,-0.771022,-0.713663,-0.6785,-0.665101,-0.65935,-0.662884,-0.664403,-0.665688,-0.65705,-0.649697,-0.637958,-0.617925,-0.603894,-0.579216,-0.559004,-0.529295,-0.501624,-0.457156,-0.3452,-0.196239,0.044503,0.17562,0.347681,0.523489,0.729939,0.934314,1.12175,1.29889,1.40246,1.46453,1.47012,1.49055,1.49625,1.50673,1.5219,1.52556,1.53186,1.53264,1.53446,1.53479,1.53794,1.53568,1.53568,1.53785,1.53738,1.53952,1.53644,1.53632,1.53593,1.53548,1.53192,1.52716,1.51373,1.50524,1.4967,1.49541,1.49379,1.48653,1.49111,1.49814,1.50114,1.5071,1.49739,1.49113,1.47793,1.4313,1.33175,1.20475,1.03796,0.849328,0.64481,0.493168,0.302628,0.153047,0.0157339,-0.13416,-0.26551,-0.36751,-0.435605,-0.501374,-0.541133,-0.578892,-0.595721,-0.613476,-0.627594,-0.63125,-0.6354,-0.630697,-0.61924,-0.60631,-0.602175,-0.598765,-0.601095,-0.60928,-0.636387,-0.665629,-0.711355,-0.758547,-0.806347,-0.841266,-0.865598,-0.878816,-0.882915,-0.885114,-0.884129,-0.883108,-0.883772,-0.881958,-0.871798,-0.861634,-0.845883,-0.837268,-0.819175,-0.812857,-0.805104,-0.802605,1
-0.769293,-0.772803,-0.767545,-0.753188,-0.73847,-0.721032,-0.700963,-0.685223,-0.671344,-0.670161,-0.683532,-0.709016,-0.741977,-0.799588,-0.872407,-0.979277,-1.07729,-1.14138,-1.16373,-1.16361,-1.14422,-1.12255,-1.11824,-1.11781,-1.09033,-1.01504,-0.911511,-0.791263,-0.723079,-0.671886,-0.65143,-0.645075,-0.642551,-0.61703,-0.602285,-0.584109,-0.555035,-0.512422,-0.402417,-0.210824,-0.0125774,0.211688,0.43363,0.606533,0.75879,0.874687,0.982894,1.07037,1.14433,1.19865,1.2482,1.28111,1.30092,1.30904,1.31362,1.31765,1.3214,1.32413,1.32161,1.32693,1.32793,1.33062,1.33747,1.33637,1.33481,1.33413,1.33324,1.33414,1.33449,1.33555,1.33223,1.3327,1.32525,1.32645,1.32421,1.32692,1.32692,1.32239,1.32115,1.31492,1.31058,1.30903,1.30315,1.30273,1.29727,1.28802,1.27827,1.26264,1.24688,1.22882,1.20548,1.1808,1.14779,1.10631,1.05108,0.984375,0.914638,0.822255,0.729438,0.623376,0.498595,0.380344,0.255878,0.127754,-0.00960467,-0.138495,-0.26492,-0.393409,-0.505328,-0.61183,-0.686109,-0.742292,-0.7936,-0.818536,-0.830813,-0.835531,-0.837384,-0.837416,-0.83701,-0.842742,-0.849303,-0.859615,-0.866912,-0.871263,-0.877326,-0.878869,-0.874681,-0.872327,-0.875289,-0.886398,-0.909835,-0.944639,-0.986599,-1.02033,-1.05325,-1.07071,-1.07903,-1.08011,-1.07468,-1.06633,-1.04763,-1.02521,-1.01479,-1.00651,-1.00301,-1.0009,-1.00102,-0.997393,-0.996212,-0.994838,1
-1.23828,-1.18678,-1.14794,-1.12528,-1.12584,-1.12917,-1.13554,-1.13982,-1.13281,-1.12735,-1.12643,-1.12493,-1.12487,-1.11875,-1.11189,-1.11185,-1.10888,-1.10046,-1.08883,-1.06382,-1.01779,-0.927623,-0.843232,-0.761309,-0.718351,-0.68916,-0.684945,-0.691024,-0.669307,-0.652419,-0.639495,-0.63623,-0.628652,-0.621038,-0.61021,-0.595346,-0.554259,-0.489636,-0.363321,-0.22131,-0.0664761,0.152391,0.293598,0.438447,0.562511,0.682698,0.815875,0.909862,1.01365,1.10702,1.15235,1.16603,1.20424,1.22762,1.2355,1.22613,1.22011,1.22963,1.21951,1.22742,1.21471,1.21555,1.2165,1.21413,1.21498,1.21059,1.21176,1.21146,1.21213,1.20843,1.20808,1.21027,1.20232,1.20207,1.2045,1.20791,1.20791,1.2028,1.21133,1.21268,1.21045,1.21161,1.21691,1.20684,1.20375,1.19863,1.20192,1.19547,1.19454,1.19264,1.20421,1.19865,1.19232,1.19387,1.19868,1.18749,1.17394,1.15582,1.14949,1.07203,1.0186,0.938628,0.833812,0.723011,0.5795,0.449948,0.307438,0.168058,0.0204999,-0.135966,-0.274027,-0.369877,-0.499009,-0.556707,-0.613991,-0.668303,-0.70656,-0.73995,-0.76508,-0.780581,-0.783414,-0.795282,-0.805417,-0.809948,-0.815443,-0.816141,-0.821113,-0.824622,-0.825237,-0.826396,-0.830299,-0.838769,-0.848127,-0.858366,-0.873898,-0.885797,-0.90677,-0.916461,-0.940285,-0.977692,-1.03256,-1.11266,-1.1823,-1.25202,-1.31947,-1.32933,-1.33485,-1.29928,-1.24692,-1.21389,1
-1.7558,-1.7465,-1.73261,-1.72737,-1.72531,-1.72483,-1.72121,-1.72297,-1.71835,-1.72091,-1.72028,-1.71885,-1.72103,-1.72046,-1.71944,-1.71671,-1.71733,-1.71515,-1.71661,-1.71733,-1.71732,-1.71803,-1.71546,-1.7024,-1.65119,-1.54968,-1.37659,-1.16077,-0.885926,-0.605581,-0.326892,-0.0490837,0.172299,0.349685,0.464854,0.550211,0.599103,0.630587,0.653917,0.661053,0.663928,0.678358,0.686579,0.683444,0.69156,0.689614,0.688877,0.694964,0.694994,0.700057,0.69764,0.700481,0.696462,0.693685,0.692142,0.688469,0.695275,0.690864,0.683508,0.68151,0.683725,0.684054,0.680699,0.679195,0.678674,0.678873,0.683421,0.679485,0.682767,0.674342,0.673838,0.673406,0.67334,0.670258,0.668601,0.671491,0.671491,0.668671,0.667015,0.667335,0.668414,0.664477,0.66159,0.666669,0.664598,0.659532,0.664729,0.662753,0.658741,0.657429,0.65502,0.655926,0.662325,0.655933,0.65463,0.655998,0.653739,0.651251,0.657392,0.654907,0.651722,0.654775,0.652369,0.649396,0.651882,0.650334,0.651377,0.646101,0.645827,0.645396,0.64815,0.654706,0.646248,0.6391,0.641924,0.644172,0.639097,0.641461,0.635059,0.632972,0.643299,0.62331,0.630449,0.618594,0.61367,0.599086,0.573383,0.55233,0.540694,0.523867,0.489148,0.453097,0.414882,0.355428,0.260979,0.145466,0.0117036,-0.160995,-0.364961,-0.578702,-0.815714,-1.05139,-1.27579,-1.47004,-1.6398,-1.75743,-1.82608,-1.87027,-1.89454,-1.89864,2
-0.716838,-0.713062,-0.710098,-0.711421,-0.709966,-0.711136,-0.708688,-0.708387,-0.708409,-0.70905,-0.70764,-0.709181,-0.709263,-0.708817,-0.70937,-0.708175,-0.709872,-0.709888,-0.70986,-0.708999,-0.708439,-0.707031,-0.706806,-0.70535,-0.704028,-0.701798,-0.700696,-0.701059,-0.699537,-0.698113,-0.695605,-0.677146,-0.637566,-0.594888,-0.567105,-0.558677,-0.559518,-0.572792,-0.583211,-0.588459,-0.573744,-0.541738,-0.507019,-0.483614,-0.463722,-0.439941,-0.407684,-0.343122,-0.272276,-0.177898,0.025911,0.234046,0.440169,0.666387,0.909658,1.15764,1.38542,1.58773,1.74658,1.85953,1.95795,2.01311,2.03165,2.03263,2.03798,2.04089,2.04115,2.04309,2.04307,2.04875,2.04358,2.04465,2.04742,2.04186,2.03455,2.0296,2.0296,2.0211,1.99209,1.93974,1.86803,1.73931,1.57363,1.42474,1.23304,1.05738,0.881142,0.709392,0.536525,0.383307,0.231668,0.0815411,-0.0366049,-0.164796,-0.256593,-0.347333,-0.410995,-0.469131,-0.508678,-0.52373,-0.533177,-0.539261,-0.53958,-0.533744,-0.527645,-0.520545,-0.510339,-0.503201,-0.493755,-0.491073,-0.48369,-0.477354,-0.473107,-0.466212,-0.457822,-0.453949,-0.465464,-0.479873,-0.50924,-0.546299,-0.592421,-0.632837,-0.657223,-0.659865,-0.658781,-0.655614,-0.650771,-0.651805,-0.653065,-0.65379,-0.649757,-0.638925,-0.624679,-0.613418,-0.594153,-0.575723,-0.565059,-0.556399,-0.551708,-0.551643,-0.552814,-0.558172,-0.562053,-0.567406,-0.569266,-0.572434,-0.571733,-0.570443,-0.569006,-0.566393,1
-0.969391,-0.972108,-0.972616,-0.973649,-0.973924,-0.976987,-0.976895,-0.977544,-0.979135,-0.978516,-0.977832,-0.979889,-0.981624,-0.981551,-0.980132,-0.979818,-0.973459,-0.95292,-0.889439,-0.774528,-0.608168,-0.375013,-0.109343,0.166574,0.427619,0.676158,0.871061,1.02231,1.12674,1.19373,1.24401,1.24962,1.24748,1.24049,1.22933,1.22244,1.21982,1.22179,1.21773,1.22298,1.22594,1.22039,1.22227,1.227,1.2239,1.22426,1.2134,1.21042,1.20635,1.20499,1.2044,1.2026,1.2044,1.20185,1.20441,1.20124,1.20156,1.19787,1.19356,1.19332,1.19268,1.18888,1.19051,1.19079,1.18305,1.18294,1.18652,1.18689,1.18366,1.18133,1.18537,1.18367,1.1753,1.15833,1.14114,1.12267,1.12267,1.07775,1.0537,1.00999,0.982282,0.944339,0.919282,0.871121,0.815422,0.759428,0.684966,0.572146,0.44572,0.299177,0.131616,-0.0530159,-0.228233,-0.404315,-0.562764,-0.709791,-0.8288,-0.930417,-0.994062,-1.02642,-1.03625,-1.03522,-1.02941,-1.00686,-0.988358,-0.963412,-0.948752,-0.9318,-0.920126,-0.915083,-0.915582,-0.915005,-0.911785,-0.910621,-0.910118,-0.90953,-0.909552,-0.908337,-0.909786,-0.909445,-0.908971,-0.907549,-0.91013,-0.910537,-0.910841,-0.911671,-0.913057,-0.91318,-0.914029,-0.915588,-0.916697,-0.919273,-0.917357,-0.92169,-0.920921,-0.921549,-0.922403,-0.921877,-0.921271,-0.923062,-0.922834,-0.924728,-0.922734,-0.924245,-0.923938,-0.923793,-0.924096,-0.925417,-0.926572,-0.929978,2
-0.971732,-1.01218,-1.04977,-1.07714,-1.09219,-1.09292,-1.09099,-1.08325,-1.07427,-1.07039,-1.06705,-1.06198,-1.05759,-1.05567,-1.05268,-1.0528,-1.05169,-1.02808,-0.980632,-0.922974,-0.855663,-0.805499,-0.770851,-0.752936,-0.746306,-0.745781,-0.747149,-0.742884,-0.733745,-0.720266,-0.719481,-0.721678,-0.721669,-0.694339,-0.642165,-0.55371,-0.403786,-0.249153,-0.0712185,0.104142,0.250517,0.396128,0.5276,0.661788,0.79183,0.90298,0.997714,1.07477,1.14141,1.18484,1.19715,1.20476,1.2087,1.21757,1.22391,1.22789,1.23341,1.2308,1.22606,1.22735,1.22792,1.22633,1.22562,1.21985,1.21993,1.2147,1.20098,1.20468,1.20586,1.20582,1.20494,1.20123,1.19666,1.19857,1.19479,1.19246,1.19246,1.19381,1.19417,1.1925,1.19007,1.19156,1.19244,1.18727,1.18676,1.18739,1.18938,1.18979,1.18947,1.18773,1.1851,1.18365,1.18179,1.17805,1.17103,1.1687,1.14769,1.11543,1.06044,0.993165,0.909355,0.80898,0.689709,0.560963,0.419678,0.280409,0.150481,0.00655584,-0.128825,-0.255511,-0.38247,-0.500069,-0.604898,-0.699224,-0.762774,-0.812633,-0.845144,-0.857329,-0.862608,-0.865109,-0.865675,-0.868223,-0.866586,-0.862873,-0.858407,-0.858203,-0.862711,-0.867089,-0.868193,-0.868791,-0.871139,-0.87086,-0.875011,-0.885399,-0.914205,-0.961904,-1.04497,-1.14342,-1.23934,-1.27822,-1.26984,-1.23925,-1.20046,-1.17091,-1.15813,-1.15312,-1.15418,-1.15456,-1.15007,-1.14504,1
-1.08102,-1.07886,-1.07947,-1.08009,-1.07868,-1.07827,-1.0773,-1.07894,-1.07704,-1.07841,-1.07957,-1.07979,-1.0792,-1.0787,-1.06915,-1.04436,-1.00762,-0.954392,-0.887802,-0.821685,-0.779988,-0.757232,-0.753673,-0.749528,-0.750251,-0.736247,-0.726039,-0.724512,-0.716956,-0.708184,-0.697306,-0.691171,-0.690026,-0.68246,-0.677604,-0.658615,-0.598835,-0.477602,-0.333165,-0.166498,0.00844283,0.168435,0.33074,0.488272,0.615851,0.736951,0.852074,0.94206,1.04188,1.11267,1.1812,1.20448,1.21619,1.22177,1.22296,1.23093,1.23502,1.23868,1.22815,1.22353,1.22264,1.22159,1.23153,1.22789,1.23155,1.22117,1.21907,1.22645,1.22548,1.22185,1.22567,1.22185,1.21563,1.21284,1.2174,1.22682,1.22682,1.23393,1.2302,1.23536,1.24122,1.24196,1.23518,1.24103,1.24456,1.25143,1.24129,1.23549,1.23781,1.23883,1.24057,1.22639,1.21973,1.21494,1.20538,1.18752,1.15198,1.12324,1.08295,1.02007,0.921067,0.826972,0.732302,0.611026,0.488169,0.355574,0.216582,0.0722262,-0.0743799,-0.219032,-0.363129,-0.499966,-0.612379,-0.701919,-0.752985,-0.798586,-0.820738,-0.832474,-0.841311,-0.842462,-0.847156,-0.845086,-0.842302,-0.83857,-0.837135,-0.837349,-0.841987,-0.841495,-0.847505,-0.850201,-0.855143,-0.853478,-0.857223,-0.869582,-0.892003,-0.935655,-0.995793,-1.0608,-1.12453,-1.1771,-1.20106,-1.20261,-1.20326,-1.20062,-1.19617,-1.19919,-1.19558,-1.18697,-1.17382,-1.16657,1
-1.00685,-1.00883,-1.00852,-1.01135,-1.01171,-1.01193,-1.01444,-1.01256,-1.01719,-1.01841,-1.01903,-1.01913,-1.02016,-1.02145,-1.02334,-1.02429,-1.01711,-0.967063,-0.83839,-0.642805,-0.398985,-0.141387,0.136491,0.370845,0.600148,0.729261,0.854682,0.930787,0.987171,1.00635,1.01022,1.03285,1.03591,1.03815,1.03386,1.03522,1.03291,1.03957,1.03884,1.04069,1.0301,1.0308,1.02778,1.02439,1.02367,1.02262,1.02144,1.01887,1.01669,1.01869,1.02287,1.01653,1.01803,1.01937,1.01693,1.01409,1.01066,1.01398,1.01638,1.00836,1.00707,1.00798,0.99587,0.993885,1.00036,1.00077,0.995508,0.996484,0.994944,0.989827,0.985237,0.983445,0.981571,0.987508,0.983946,0.995434,0.995434,0.995625,0.992863,1.00059,0.999442,1.00008,0.999066,0.989944,0.991975,0.984116,0.979273,0.976644,0.98089,0.963882,0.940946,0.899793,0.857145,0.810539,0.775212,0.693558,0.605159,0.513218,0.381884,0.226569,0.0546254,-0.133562,-0.3338,-0.5153,-0.703307,-0.860839,-0.995333,-1.09291,-1.13861,-1.16549,-1.18043,-1.18629,-1.18796,-1.18579,-1.18453,-1.17789,-1.16885,-1.16331,-1.15979,-1.16025,-1.15962,-1.16099,-1.16045,-1.15884,-1.15407,-1.14468,-1.14472,-1.14254,-1.13776,-1.1373,-1.13189,-1.12961,-1.12689,-1.12414,-1.12205,-1.11731,-1.11764,-1.11282,-1.1151,-1.11316,-1.11465,-1.1145,-1.11753,-1.11904,-1.12006,-1.12055,-1.12098,-1.12236,-1.12188,-1.12223,2
-1.4414,-1.50476,-1.55379,-1.56623,-1.5504,-1.50541,-1.45404,-1.40854,-1.37577,-1.36786,-1.36357,-1.36182,-1.35517,-1.34465,-1.33716,-1.32775,-1.32622,-1.32234,-1.32203,-1.31544,-1.31226,-1.3077,-1.30634,-1.29259,-1.26182,-1.19686,-1.11403,-1.03131,-0.972265,-0.945883,-0.928967,-0.944315,-0.96189,-0.986013,-0.986562,-0.96371,-0.950268,-0.935392,-0.895151,-0.839527,-0.756296,-0.610475,-0.482357,-0.345813,-0.200524,-0.0248584,0.12065,0.250205,0.363011,0.479319,0.580686,0.679912,0.756894,0.831798,0.880714,0.911413,0.922161,0.933431,0.933518,0.936885,0.941558,0.94117,0.940462,0.948076,0.948818,0.950111,0.954261,0.957754,0.957667,0.959384,0.961661,0.963343,0.962737,0.962932,0.961237,0.961183,0.961183,0.954158,0.960227,0.95582,0.956254,0.96038,0.95382,0.956078,0.957559,0.956412,0.957731,0.957622,0.955717,0.955438,0.956202,0.952178,0.956178,0.953667,0.953953,0.952691,0.951772,0.949036,0.949357,0.948039,0.952145,0.951242,0.950534,0.95183,0.95006,0.951026,0.946551,0.944607,0.94442,0.941608,0.930243,0.931206,0.9304,0.927619,0.926771,0.927397,0.918926,0.915631,0.909865,0.899291,0.874874,0.839185,0.769769,0.69373,0.583654,0.463491,0.312007,0.176829,0.0290467,-0.122901,-0.263918,-0.399579,-0.536831,-0.677619,-0.802158,-0.914333,-0.988258,-1.05273,-1.09533,-1.12026,-1.13437,-1.14193,-1.15092,-1.15529,-1.15799,-1.16261,-1.16504,-1.17005,-1.17433,-1.17441,1
-0.964333,-0.964264,-0.964772,-0.963092,-0.963757,-0.962386,-0.961999,-0.96154,-0.960973,-0.955632,-0.954746,-0.953809,-0.949864,-0.946707,-0.950055,-0.943104,-0.91262,-0.850601,-0.767582,-0.678593,-0.629655,-0.611388,-0.614734,-0.629272,-0.624424,-0.596151,-0.575289,-0.561271,-0.535175,-0.507893,-0.485634,-0.473602,-0.450906,-0.415567,-0.385577,-0.321472,-0.236402,-0.102625,0.0518496,0.239663,0.460677,0.620069,0.765586,0.903513,1.02667,1.13921,1.23816,1.30851,1.36278,1.40038,1.41604,1.41838,1.41339,1.4135,1.41747,1.4203,1.42639,1.4337,1.43293,1.42776,1.43383,1.43245,1.41898,1.42846,1.42628,1.42497,1.42968,1.43321,1.43023,1.43448,1.43278,1.44206,1.44233,1.44766,1.44786,1.44386,1.44386,1.44302,1.44513,1.43871,1.43519,1.42763,1.42728,1.41284,1.38314,1.33732,1.28886,1.21964,1.1309,1.02661,0.888357,0.734758,0.546726,0.378445,0.201313,0.0239646,-0.110192,-0.254472,-0.366286,-0.46337,-0.527369,-0.571712,-0.583097,-0.594677,-0.597604,-0.595425,-0.59632,-0.596247,-0.601992,-0.603666,-0.611661,-0.618502,-0.626007,-0.640334,-0.658479,-0.6801,-0.70876,-0.753288,-0.802259,-0.86268,-0.9376,-1.00693,-1.04374,-1.05346,-1.04936,-1.03341,-1.01295,-0.98906,-0.945724,-0.932104,-0.920594,-0.917635,-0.911624,-0.911357,-0.909452,-0.907104,-0.904304,-0.902751,-0.89897,-0.897633,-0.8967,-0.893666,-0.891841,-0.893301,-0.891128,-0.890467,-0.889976,-0.890854,-0.890339,-0.893748,1
-1.48172,-1.48292,-1.48316,-1.4823,-1.47999,-1.48074,-1.48151,-1.48023,-1.48117,-1.48094,-1.48044,-1.48091,-1.48161,-1.48229,-1.48305,-1.48438,-1.48514,-1.48515,-1.48571,-1.48586,-1.48789,-1.48878,-1.48228,-1.44977,-1.3486,-1.17406,-0.934222,-0.65341,-0.354193,-0.0649132,0.180502,0.379404,0.526119,0.612038,0.686381,0.737959,0.754544,0.783579,0.789992,0.795479,0.803837,0.813387,0.819298,0.817549,0.814565,0.821224,0.825813,0.825319,0.827071,0.836033,0.826693,0.822573,0.818751,0.819773,0.78303,0.782926,0.779447,0.781133,0.779212,0.779068,0.777903,0.785915,0.781011,0.782974,0.789284,0.784554,0.781054,0.786497,0.783201,0.783055,0.78705,0.791761,0.787585,0.794265,0.794574,0.787879,0.787879,0.787237,0.792818,0.793337,0.792724,0.795434,0.79178,0.790095,0.802385,0.797636,0.79728,0.798538,0.799993,0.797665,0.801668,0.802183,0.7999,0.80111,0.806364,0.804841,0.799366,0.800804,0.796865,0.792361,0.80359,0.790574,0.785772,0.789875,0.786583,0.775029,0.792067,0.789875,0.80286,0.816068,0.813577,0.796496,0.797561,0.782733,0.757405,0.73081,0.675995,0.625849,0.562515,0.478374,0.389688,0.268382,0.14515,-0.00107108,-0.157628,-0.309042,-0.47286,-0.632465,-0.772474,-0.909117,-1.01876,-1.11674,-1.20547,-1.27974,-1.33208,-1.37,-1.39012,-1.3871,-1.37938,-1.3733,-1.36779,-1.36226,-1.36354,-1.3646,-1.36832,-1.37066,-1.37407,-1.37388,-1.37379,-1.37474,2
-0.981131,-0.979102,-0.977645,-0.975884,-0.975598,-0.977514,-0.977998,-0.979423,-0.980816,-0.980945,-0.983037,-0.98473,-0.985172,-0.987181,-0.987887,-0.990465,-0.992087,-0.988761,-0.968455,-0.915922,-0.794385,-0.604901,-0.364288,-0.0964423,0.1562,0.414545,0.628564,0.795518,0.904796,0.987554,1.04822,1.08022,1.0916,1.09079,1.09433,1.09776,1.08832,1.0957,1.09853,1.09644,1.0972,1.09836,1.09674,1.09598,1.09931,1.09664,1.10323,1.09996,1.09984,1.10052,1.10363,1.10364,1.10264,1.10134,1.10678,1.10463,1.09926,1.10581,1.10519,1.10384,1.10122,1.10768,1.11163,1.10815,1.10321,1.10649,1.10517,1.10592,1.10522,1.10956,1.10843,1.10522,1.1002,1.10822,1.10639,1.09993,1.09993,1.09234,1.09714,1.09786,1.09146,1.08955,1.09374,1.08711,1.08976,1.07608,1.05944,1.03474,0.99893,0.951568,0.881672,0.805708,0.688714,0.564174,0.402388,0.224283,0.0167371,-0.206025,-0.41688,-0.625304,-0.806423,-0.963741,-1.09512,-1.16017,-1.18323,-1.19321,-1.1945,-1.17473,-1.1429,-1.10551,-1.0737,-1.04147,-1.02278,-1.00685,-0.999062,-0.994277,-0.991159,-0.992055,-0.993636,-0.994352,-0.9958,-0.99328,-0.989978,-0.990195,-0.985522,-0.982342,-0.979588,-0.975383,-0.971963,-0.970918,-0.96939,-0.97044,-0.969536,-0.970004,-0.9698,-0.969716,-0.969916,-0.970138,-0.970251,-0.97001,-0.971106,-0.971827,-0.970183,-0.965389,-0.965832,-0.966595,-0.967407,-0.969254,-0.970416,-0.970535,2
-0.723961,-0.725263,-0.729254,-0.73269,-0.733603,-0.734398,-0.736329,-0.738404,-0.740447,-0.74541,-0.750276,-0.756269,-0.760683,-0.764695,-0.77424,-0.777035,-0.779418,-0.780262,-0.778319,-0.78001,-0.778261,-0.778959,-0.781935,-0.780415,-0.782771,-0.782735,-0.779556,-0.776866,-0.777987,-0.778127,-0.778623,-0.778668,-0.773688,-0.759884,-0.724372,-0.67392,-0.627827,-0.595994,-0.547945,-0.548556,-0.576819,-0.590367,-0.587412,-0.568999,-0.550785,-0.525612,-0.509807,-0.471176,-0.434328,-0.35806,-0.239512,-0.126258,0.0364901,0.269058,0.517813,0.793616,1.03766,1.24306,1.40278,1.51823,1.60793,1.67631,1.70975,1.71838,1.72198,1.71327,1.70622,1.70599,1.70507,1.70613,1.70663,1.70574,1.71357,1.7138,1.71463,1.71661,1.71661,1.71253,1.71344,1.71025,1.70578,1.7052,1.69651,1.69315,1.68968,1.68215,1.67566,1.65616,1.62734,1.57125,1.49502,1.39788,1.28009,1.12476,0.968651,0.79343,0.616481,0.472901,0.305614,0.151825,0.00290845,-0.108252,-0.252939,-0.369722,-0.444615,-0.503881,-0.544138,-0.572869,-0.590538,-0.600658,-0.596108,-0.60732,-0.596143,-0.596807,-0.583696,-0.57313,-0.557599,-0.537391,-0.507878,-0.476864,-0.45725,-0.450078,-0.483546,-0.533782,-0.58321,-0.647065,-0.696191,-0.741182,-0.768156,-0.781129,-0.784672,-0.790047,-0.789286,-0.786196,-0.780464,-0.775042,-0.75883,-0.756489,-0.757199,-0.753687,-0.757875,-0.756425,-0.755322,-0.75765,-0.760134,-0.757973,-0.753264,-0.751725,-0.74977,-0.744602,1
-0.644121,-0.641005,-0.639447,-0.636397,-0.635603,-0.632853,-0.631492,-0.628741,-0.625365,-0.620119,-0.61967,-0.616547,-0.614229,-0.611756,-0.610331,-0.609739,-0.607248,-0.60542,-0.602491,-0.603095,-0.601498,-0.602286,-0.601304,-0.602383,-0.602649,-0.604516,-0.604327,-0.60649,-0.605648,-0.608287,-0.610206,-0.613963,-0.61477,-0.615485,-0.616483,-0.615488,-0.615604,-0.616763,-0.616366,-0.617232,-0.616479,-0.617339,-0.617314,-0.616152,-0.613044,-0.596473,-0.561708,-0.49008,-0.39112,-0.294695,-0.198715,-0.0833117,0.058839,0.300794,0.493146,0.603063,0.713326,0.8405,1.0068,1.20513,1.42492,1.61118,1.76663,1.86677,1.9155,1.9218,1.94021,1.95069,1.95879,1.96881,1.97911,1.97841,1.97946,1.98729,1.9959,1.99111,1.99111,1.99213,1.99132,1.99015,1.98539,1.95533,1.93137,1.88321,1.80466,1.69357,1.55659,1.39532,1.25052,1.1163,0.987275,0.842126,0.712487,0.677542,0.408864,0.321329,-0.00600539,-0.207613,-0.34992,-0.503573,-0.632869,-0.71474,-0.755419,-0.764373,-0.763105,-0.752941,-0.732841,-0.715865,-0.700772,-0.685188,-0.678426,-0.669292,-0.660799,-0.657817,-0.654397,-0.652365,-0.644736,-0.640246,-0.639149,-0.63496,-0.632653,-0.634799,-0.633943,-0.633282,-0.634562,-0.632533,-0.633655,-0.635026,-0.636162,-0.637273,-0.637091,-0.637495,-0.638412,-0.63811,-0.636468,-0.636191,-0.634694,-0.632245,-0.626867,-0.624558,-0.623083,-0.619075,-0.618718,-0.614866,-0.614519,-0.609214,-0.60761,-0.604666,-0.60563,-0.600113,2
-0.604468,-0.608084,-0.613065,-0.614926,-0.615522,-0.6163,-0.617992,-0.618821,-0.619901,-0.620865,-0.623519,-0.625985,-0.63053,-0.631744,-0.633495,-0.63514,-0.639365,-0.639668,-0.642278,-0.645396,-0.649218,-0.654822,-0.65691,-0.659711,-0.661314,-0.663886,-0.664987,-0.666604,-0.666993,-0.671661,-0.671225,-0.67076,-0.66669,-0.641597,-0.599799,-0.561329,-0.544581,-0.541624,-0.54626,-0.558297,-0.562741,-0.553771,-0.536915,-0.520869,-0.512634,-0.507522,-0.470408,-0.387468,-0.240863,-0.0577025,0.145335,0.39479,0.627013,0.839472,1.04708,1.24913,1.46515,1.67285,1.82171,1.88991,1.89926,1.92611,1.93422,1.94426,1.95435,1.95867,1.97204,1.97156,1.97541,1.98101,1.98127,1.98379,1.98718,1.98763,1.98722,1.97746,1.97746,1.95311,1.93115,1.89547,1.83644,1.74413,1.64095,1.49916,1.34301,1.17892,1.01397,0.851022,0.695529,0.530112,0.369595,0.215667,0.0781502,-0.0612459,-0.197351,-0.313444,-0.395689,-0.467993,-0.517035,-0.549167,-0.563377,-0.566676,-0.567113,-0.570363,-0.568016,-0.56587,-0.567079,-0.568628,-0.565549,-0.557687,-0.543948,-0.524586,-0.493852,-0.458914,-0.43498,-0.422801,-0.436151,-0.468254,-0.519302,-0.57468,-0.637752,-0.701057,-0.746399,-0.782266,-0.792845,-0.793678,-0.790979,-0.789383,-0.785927,-0.776704,-0.763032,-0.740366,-0.715797,-0.689075,-0.663685,-0.647746,-0.642997,-0.641204,-0.640757,-0.643732,-0.646419,-0.647263,-0.646744,-0.645072,-0.643929,-0.642893,-0.642514,-0.640783,-0.640529,-0.640211,1
-1.28701,-1.28243,-1.30366,-1.29308,-1.29351,-1.29273,-1.2997,-1.3028,-1.29922,-1.30502,-1.30768,-1.30181,-1.3044,-1.31378,-1.31059,-1.31015,-1.30414,-1.29931,-1.29979,-1.31176,-1.29257,-1.3058,-1.25442,-1.16757,-1.0679,-0.950911,-0.73965,-0.435402,-0.172938,0.0743902,0.282535,0.459619,0.606568,0.684046,0.745101,0.84921,0.921403,0.910533,1.01032,0.934782,0.918734,0.974754,1.06147,0.864604,0.965915,0.889934,0.902182,0.833742,0.866552,0.888533,0.86223,0.884815,0.908747,0.873267,0.923385,0.861631,0.889542,0.905026,0.958096,0.891233,0.917021,0.909421,0.909405,0.902751,0.921867,0.923067,0.911162,0.929546,0.914564,0.917403,0.942969,0.936841,0.930758,0.913869,0.888016,0.936449,0.936449,0.925494,0.934551,0.934503,0.938999,0.909056,0.898662,0.883808,0.894229,0.865811,0.873836,0.86253,0.864397,0.865583,0.862687,0.881425,0.855879,0.857268,0.87661,0.909438,0.93474,0.897342,0.917238,0.998535,0.933924,0.910236,0.891567,0.880676,0.856153,0.838945,0.810329,0.776282,0.720509,0.666122,0.580464,0.474195,0.352756,0.213998,0.0671164,-0.0964066,-0.262382,-0.430436,-0.590424,-0.74249,-0.867567,-0.973376,-1.05349,-1.12848,-1.18153,-1.21471,-1.22123,-1.22247,-1.2218,-1.22023,-1.21609,-1.21166,-1.2064,-1.20179,-1.19913,-1.19918,-1.19862,-1.19746,-1.19648,-1.19791,-1.19884,-1.19789,-1.19733,-1.19765,-1.19797,-1.19831,-1.1998,-1.20203,-1.20357,-1.20549,2
-0.546345,-0.548584,-0.549649,-0.549325,-0.550956,-0.556537,-0.556732,-0.562642,-0.56461,-0.567597,-0.568673,-0.570333,-0.571208,-0.570954,-0.572083,-0.571011,-0.570201,-0.571266,-0.571273,-0.569765,-0.570529,-0.570032,-0.571189,-0.572543,-0.571695,-0.573734,-0.573482,-0.572703,-0.570827,-0.571803,-0.572202,-0.572631,-0.57215,-0.575557,-0.574918,-0.578509,-0.578524,-0.580286,-0.57914,-0.578589,-0.578312,-0.578967,-0.578362,-0.578718,-0.577222,-0.577303,-0.569145,-0.545845,-0.510894,-0.42378,-0.330529,-0.246122,-0.123716,-0.0286875,0.278672,0.48891,0.595787,0.688384,0.836911,0.990782,1.19347,1.41377,1.5994,1.77225,1.86897,1.92411,1.9539,1.96078,1.99643,2.00611,2.01535,2.01362,2.01672,2.023,2.02408,2.02269,2.02269,2.03306,2.02433,2.01664,2.02154,2.00283,1.98134,1.94167,1.87191,1.77341,1.6308,1.46447,1.3089,1.15076,1.01656,0.895369,0.781362,0.661783,0.530632,0.470318,0.208244,0.0151963,-0.161871,-0.296813,-0.422184,-0.561218,-0.661809,-0.721765,-0.740079,-0.743593,-0.742202,-0.735456,-0.719151,-0.700936,-0.68575,-0.679687,-0.679242,-0.681223,-0.685763,-0.691685,-0.695887,-0.699541,-0.707443,-0.708911,-0.708946,-0.709593,-0.710209,-0.706137,-0.700423,-0.695681,-0.689636,-0.686055,-0.686249,-0.686003,-0.685387,-0.686067,-0.685455,-0.686712,-0.689501,-0.687482,-0.687578,-0.68399,-0.680023,-0.676193,-0.671652,-0.665614,-0.659891,-0.656913,-0.654146,-0.652727,-0.651819,-0.651962,-0.651519,-0.653748,2
-1.62337,-1.6237,-1.62216,-1.62291,-1.62174,-1.62186,-1.62285,-1.62125,-1.62258,-1.62203,-1.62159,-1.62093,-1.62024,-1.62,-1.61948,-1.61942,-1.618,-1.61892,-1.61866,-1.6187,-1.61719,-1.61401,-1.59984,-1.56766,-1.49592,-1.38472,-1.21568,-0.995121,-0.745903,-0.481027,-0.214888,0.0409829,0.243518,0.402964,0.517535,0.576198,0.623345,0.650567,0.665125,0.679014,0.667686,0.678065,0.669405,0.66904,0.682182,0.684642,0.693836,0.6926,0.69681,0.696754,0.69376,0.693214,0.694865,0.692816,0.696261,0.692096,0.69144,0.685651,0.692608,0.687921,0.694434,0.695588,0.694796,0.693523,0.698365,0.688769,0.697313,0.697253,0.698091,0.702327,0.700116,0.703313,0.694776,0.694555,0.697031,0.694555,0.694555,0.69727,0.697965,0.69665,0.699324,0.702272,0.698614,0.696659,0.701293,0.701458,0.703024,0.701991,0.705416,0.706233,0.701287,0.703496,0.702509,0.705189,0.69965,0.699371,0.697749,0.697618,0.697052,0.696335,0.695159,0.696947,0.702381,0.70075,0.703763,0.69865,0.69618,0.701577,0.697838,0.699771,0.703081,0.702969,0.703751,0.705692,0.709028,0.696595,0.698775,0.703284,0.692601,0.699968,0.695471,0.680621,0.664971,0.649548,0.630688,0.606012,0.580046,0.542558,0.491516,0.44124,0.359555,0.256249,0.137026,-0.0196275,-0.195114,-0.394223,-0.603485,-0.816883,-1.03562,-1.23047,-1.40341,-1.54948,-1.66008,-1.74587,-1.7977,-1.82146,-1.82076,-1.81483,-1.80235,-1.77926,2
-1.11325,-1.11316,-1.11434,-1.11391,-1.11514,-1.11717,-1.11566,-1.1172,-1.11809,-1.11794,-1.12115,-1.1227,-1.12153,-1.12175,-1.12184,-1.12299,-1.12288,-1.12398,-1.12263,-1.12211,-1.12241,-1.12086,-1.11787,-1.09551,-1.03035,-0.903735,-0.714461,-0.467052,-0.204106,0.056722,0.299851,0.519554,0.692841,0.814691,0.889575,0.934428,0.971659,0.983217,0.988237,0.987775,0.988797,0.974178,0.969588,0.961028,0.963952,0.966785,0.966062,0.967788,0.968346,0.966737,0.968249,0.964293,0.966496,0.966449,0.95935,0.965406,0.964792,0.96142,0.959614,0.960426,0.95972,0.967292,0.961836,0.964738,0.965428,0.963394,0.960554,0.958631,0.956262,0.967714,0.967341,0.956015,0.96447,0.966987,0.958181,0.952504,0.952504,0.955387,0.947492,0.961442,0.961408,0.957605,0.957237,0.959965,0.954054,0.959103,0.960717,0.959827,0.957457,0.964662,0.964744,0.96525,0.965417,0.961448,0.968538,0.968466,0.97045,0.965824,0.954393,0.952368,0.951603,0.917716,0.883075,0.847768,0.775872,0.706637,0.598273,0.488828,0.346549,0.192995,0.0217159,-0.160193,-0.342775,-0.517077,-0.682434,-0.829399,-0.948716,-1.04228,-1.12298,-1.17359,-1.21028,-1.22001,-1.2255,-1.22503,-1.22177,-1.21481,-1.20543,-1.19811,-1.19419,-1.18672,-1.18433,-1.18376,-1.18343,-1.18353,-1.18133,-1.18222,-1.1793,-1.17788,-1.17826,-1.1745,-1.17462,-1.17364,-1.17428,-1.17518,-1.17669,-1.17505,-1.1761,-1.17517,-1.17496,-1.17487,2
-0.744119,-0.734262,-0.730512,-0.721463,-0.708476,-0.699061,-0.695946,-0.693064,-0.693325,-0.693232,-0.692837,-0.693583,-0.694518,-0.695461,-0.695798,-0.696002,-0.695869,-0.695621,-0.696773,-0.69704,-0.696345,-0.697653,-0.697119,-0.697868,-0.698563,-0.698458,-0.698411,-0.698543,-0.694137,-0.687498,-0.684826,-0.68306,-0.680109,-0.677894,-0.678307,-0.676755,-0.678435,-0.678616,-0.676494,-0.673477,-0.673133,-0.672454,-0.672918,-0.671948,-0.669603,-0.653588,-0.624502,-0.558716,-0.448498,-0.275957,-0.0252038,0.120117,0.338801,0.516191,0.610827,0.704391,0.823142,0.980325,1.18046,1.37789,1.53806,1.61062,1.66318,1.67456,1.68278,1.6995,1.70274,1.71171,1.71952,1.71894,1.72148,1.7192,1.72298,1.72431,1.72071,1.72512,1.72512,1.72043,1.71454,1.71601,1.71034,1.70663,1.70158,1.69443,1.69104,1.68286,1.67406,1.66075,1.63819,1.59975,1.54132,1.42784,1.27379,1.10281,0.934996,0.791434,0.681052,0.582365,0.488279,0.38493,0.269154,0.14033,-0.0278049,-0.179123,-0.325494,-0.464677,-0.598988,-0.703503,-0.779737,-0.829169,-0.85153,-0.851773,-0.846375,-0.833995,-0.819578,-0.797876,-0.780101,-0.765891,-0.754466,-0.747047,-0.741714,-0.737241,-0.732749,-0.725819,-0.71983,-0.713522,-0.706364,-0.698738,-0.691629,-0.689431,-0.688145,-0.688256,-0.689837,-0.696534,-0.699419,-0.702129,-0.705697,-0.707567,-0.709825,-0.711619,-0.712959,-0.71165,-0.711025,-0.711942,-0.708887,-0.706704,-0.706233,-0.704465,-0.704567,-0.703899,2
-1.15365,-1.1509,-1.15029,-1.14941,-1.14915,-1.14742,-1.14795,-1.14355,-1.14507,-1.14513,-1.14447,-1.14037,-1.14238,-1.1421,-1.13979,-1.13584,-1.12805,-1.10112,-1.05003,-0.966703,-0.893101,-0.814484,-0.772297,-0.745574,-0.726032,-0.727189,-0.735505,-0.737197,-0.718282,-0.726368,-0.726833,-0.717624,-0.713915,-0.709738,-0.70396,-0.697347,-0.688888,-0.680078,-0.686007,-0.697596,-0.718882,-0.712182,-0.688824,-0.610704,-0.478427,-0.306902,-0.093011,0.0908056,0.235956,0.375932,0.504353,0.635383,0.753591,0.858542,0.938024,1.01333,1.0693,1.11229,1.14737,1.1496,1.17388,1.18384,1.20064,1.19387,1.20793,1.21515,1.22283,1.20686,1.21062,1.22072,1.22557,1.22302,1.22521,1.22669,1.23902,1.23016,1.23016,1.23414,1.23874,1.2395,1.23001,1.23513,1.23559,1.24105,1.23576,1.24245,1.2322,1.22942,1.23264,1.23388,1.23976,1.2362,1.2336,1.23897,1.23553,1.22978,1.238,1.23651,1.22936,1.23702,1.22292,1.21586,1.2064,1.18776,1.16481,1.11392,1.04281,0.969794,0.863101,0.749968,0.609169,0.465588,0.316936,0.163321,-0.00107748,-0.140244,-0.270809,-0.384357,-0.492394,-0.592628,-0.676571,-0.744956,-0.793045,-0.822405,-0.83898,-0.851863,-0.858551,-0.865669,-0.870202,-0.873428,-0.870452,-0.867391,-0.867076,-0.866578,-0.866113,-0.868778,-0.873895,-0.882974,-0.895354,-0.912831,-0.943241,-0.999805,-1.07436,-1.16042,-1.23009,-1.26293,-1.26049,-1.23753,-1.21359,-1.19687,1
-0.969865,-0.97268,-0.9706,-0.971651,-0.968887,-0.96729,-0.965225,-0.964983,-0.964252,-0.961067,-0.958943,-0.957236,-0.955088,-0.952085,-0.94323,-0.917206,-0.878217,-0.804386,-0.743134,-0.695392,-0.660387,-0.656157,-0.649452,-0.655049,-0.65212,-0.632545,-0.625379,-0.623027,-0.608332,-0.586481,-0.558568,-0.533575,-0.516352,-0.475242,-0.437699,-0.394782,-0.284717,-0.146267,0.0103596,0.199921,0.414723,0.586366,0.732583,0.861902,0.988196,1.09084,1.16059,1.21606,1.26541,1.29984,1.3088,1.32756,1.34122,1.35013,1.35822,1.35825,1.35868,1.35993,1.35974,1.35701,1.35185,1.34737,1.3426,1.34181,1.33822,1.33715,1.34254,1.33757,1.33539,1.34274,1.3388,1.34267,1.34393,1.34706,1.34327,1.34842,1.34842,1.34699,1.34424,1.34369,1.34123,1.33805,1.34123,1.33617,1.32777,1.31992,1.31437,1.29222,1.27071,1.22879,1.18201,1.1069,1.01139,0.903667,0.782417,0.653819,0.529865,0.408111,0.247968,0.115962,-0.0337189,-0.159657,-0.24013,-0.344629,-0.42766,-0.505883,-0.569162,-0.623853,-0.65239,-0.698001,-0.722308,-0.73209,-0.745151,-0.768183,-0.774339,-0.784108,-0.787878,-0.789948,-0.79365,-0.796458,-0.797451,-0.801745,-0.819114,-0.840992,-0.886985,-0.976866,-1.05055,-1.10932,-1.12722,-1.12548,-1.10805,-1.09211,-1.07684,-1.05469,-1.04148,-1.0269,-1.01923,-1.01804,-1.01621,-1.01879,-1.01366,-1.01552,-1.01468,-1.01177,-1.00699,-1.00357,-1.00651,-1.00643,-1.00655,-1.00315,1
-1.16016,-1.243,-1.25429,-1.23451,-1.16622,-1.09632,-1.03999,-1.02672,-1.03392,-1.04735,-1.0512,-1.05183,-1.04351,-1.03773,-1.02613,-1.0241,-1.02597,-1.02453,-1.02235,-1.00759,-0.974831,-0.918335,-0.81994,-0.727085,-0.670631,-0.632558,-0.622636,-0.615174,-0.632107,-0.641578,-0.635035,-0.62262,-0.597627,-0.577102,-0.557436,-0.537732,-0.513053,-0.452739,-0.304652,-0.167317,0.00496184,0.192965,0.358661,0.502607,0.641594,0.757462,0.855519,0.952839,1.03568,1.10924,1.17188,1.22468,1.25772,1.28128,1.29301,1.2945,1.29939,1.30083,1.29789,1.29646,1.2988,1.30453,1.30203,1.30244,1.30243,1.30244,1.2962,1.29008,1.29227,1.28774,1.29083,1.28758,1.28725,1.29043,1.28733,1.28325,1.28325,1.28334,1.27922,1.28169,1.27985,1.28084,1.28202,1.27805,1.279,1.27765,1.2784,1.27935,1.27447,1.26796,1.267,1.25979,1.25198,1.23274,1.20973,1.1654,1.09946,1.00995,0.900974,0.77986,0.637453,0.484856,0.330216,0.192958,0.0324807,-0.11128,-0.236732,-0.359488,-0.467861,-0.549153,-0.614092,-0.658107,-0.691935,-0.712596,-0.718434,-0.722696,-0.723625,-0.723249,-0.731632,-0.740683,-0.749344,-0.759812,-0.764518,-0.768188,-0.771366,-0.771454,-0.769332,-0.779322,-0.784811,-0.785367,-0.784979,-0.789688,-0.794316,-0.81275,-0.837558,-0.884557,-0.958697,-1.04313,-1.13753,-1.21046,-1.23365,-1.22113,-1.18003,-1.12148,-1.08369,-1.05321,-1.0384,-1.03478,-1.03887,-1.03309,1
-1.037,-1.0375,-1.03729,-1.03713,-1.04075,-1.04078,-1.04002,-1.03868,-1.03953,-1.0401,-1.04416,-1.04633,-1.04694,-1.04977,-1.05292,-1.05301,-1.05161,-1.04131,-0.997377,-0.91542,-0.748973,-0.528823,-0.268862,-0.00200944,0.275158,0.496261,0.672016,0.824176,0.926524,0.969001,1.01043,1.01276,1.00468,1.0061,0.973382,0.972593,0.986402,0.980289,0.989275,0.992121,0.997495,1.00012,0.996297,1.00091,1.00315,0.997346,0.996462,0.995119,0.995936,1.00351,1.00356,1.00444,1.0047,1.00413,1.00676,1.01179,1.00644,1.01557,1.01274,1.01485,1.01384,1.02068,1.01347,1.01772,1.02048,1.01397,1.01242,1.00947,1.01298,1.01383,1.0109,1.01488,1.00957,1.00614,1.00332,1.00562,1.00562,0.995936,0.984078,0.97895,0.988348,0.978765,0.974293,0.970242,0.970081,0.973629,0.96031,0.949221,0.951048,0.940831,0.94296,0.927698,0.916247,0.879345,0.844639,0.801304,0.742857,0.674847,0.600338,0.505097,0.404525,0.279694,0.140003,-0.0237696,-0.201043,-0.393876,-0.561304,-0.73965,-0.899227,-1.03575,-1.15648,-1.20648,-1.22608,-1.23752,-1.23672,-1.23492,-1.23325,-1.22036,-1.20799,-1.17804,-1.16439,-1.15563,-1.15053,-1.14043,-1.1419,-1.14126,-1.14112,-1.14055,-1.14564,-1.14438,-1.14349,-1.14465,-1.14363,-1.14375,-1.14136,-1.14139,-1.14425,-1.14316,-1.14742,-1.14775,-1.14998,-1.14755,-1.14984,-1.15154,-1.15275,-1.15044,-1.15021,-1.1529,-1.15017,-1.15186,2
-0.564906,-0.56505,-0.566477,-0.564775,-0.565744,-0.564183,-0.564637,-0.563114,-0.564548,-0.562195,-0.56004,-0.561151,-0.563608,-0.562456,-0.56268,-0.564196,-0.569077,-0.576109,-0.582586,-0.585933,-0.587637,-0.591032,-0.595994,-0.599509,-0.609975,-0.619554,-0.632056,-0.641656,-0.649489,-0.655892,-0.656465,-0.657425,-0.656971,-0.656627,-0.65394,-0.654387,-0.65136,-0.647689,-0.647672,-0.643985,-0.640887,-0.634506,-0.620203,-0.591577,-0.538451,-0.447573,-0.354355,-0.236894,-0.147171,0.122655,0.293786,0.482204,0.734744,0.853949,0.972521,1.09394,1.24621,1.41523,1.56544,1.71436,1.79039,1.82667,1.84035,1.86025,1.8731,1.87616,1.88356,1.89086,1.89975,1.90032,1.90318,1.90515,1.89702,1.90168,1.90897,1.90286,1.90286,1.89827,1.88129,1.86181,1.82637,1.77242,1.69495,1.60947,1.49431,1.37733,1.26408,1.14832,1.04943,0.943545,0.814629,0.715283,0.598789,0.502216,0.306123,0.0413564,-0.14786,-0.300154,-0.426197,-0.575568,-0.699332,-0.77146,-0.80256,-0.806599,-0.799723,-0.784081,-0.766719,-0.749008,-0.729631,-0.708966,-0.684361,-0.674902,-0.670572,-0.670081,-0.669036,-0.669409,-0.670199,-0.671901,-0.671059,-0.670653,-0.671153,-0.672559,-0.673976,-0.675993,-0.679368,-0.682396,-0.685972,-0.688837,-0.695381,-0.696571,-0.700229,-0.703249,-0.710876,-0.712023,-0.715338,-0.717414,-0.719795,-0.720495,-0.722677,-0.724564,-0.723784,-0.725717,-0.726697,-0.725656,-0.726813,-0.726768,-0.725525,-0.724171,-0.720889,-0.718832,2
-0.614644,-0.614987,-0.614786,-0.614042,-0.613145,-0.612391,-0.610861,-0.608124,-0.606101,-0.603111,-0.60395,-0.60357,-0.607246,-0.610789,-0.61514,-0.614832,-0.610513,-0.602437,-0.595136,-0.58937,-0.586455,-0.587694,-0.592473,-0.594719,-0.599334,-0.599418,-0.595986,-0.594642,-0.586849,-0.579722,-0.571126,-0.561692,-0.549044,-0.533552,-0.518763,-0.504818,-0.51005,-0.511779,-0.531726,-0.56144,-0.587054,-0.591645,-0.572051,-0.557414,-0.55198,-0.549774,-0.50706,-0.415554,-0.253654,-0.0716307,0.158352,0.402002,0.624491,0.842274,1.04391,1.22982,1.41225,1.58464,1.72594,1.79877,1.80358,1.80656,1.80997,1.81222,1.81672,1.82019,1.82246,1.8258,1.82649,1.82969,1.84198,1.84831,1.84544,1.84968,1.84457,1.84461,1.84461,1.84349,1.84209,1.83554,1.83162,1.81761,1.80539,1.77081,1.69759,1.59046,1.46207,1.29567,1.10381,0.920372,0.728532,0.560586,0.388497,0.228201,0.0707902,-0.0710158,-0.203475,-0.31356,-0.39424,-0.44855,-0.485054,-0.511492,-0.532537,-0.558422,-0.579033,-0.594661,-0.604402,-0.611059,-0.620003,-0.626557,-0.62642,-0.623513,-0.622851,-0.625681,-0.627493,-0.627741,-0.626366,-0.623006,-0.622726,-0.628268,-0.631629,-0.642196,-0.660193,-0.681641,-0.709061,-0.739714,-0.760917,-0.776217,-0.789667,-0.803032,-0.813883,-0.822647,-0.825064,-0.824649,-0.821296,-0.810146,-0.793559,-0.786907,-0.777809,-0.773805,-0.776073,-0.784714,-0.796625,-0.804653,-0.800372,-0.797827,-0.795079,-0.797045,-0.801276,-0.808361,1
-0.779126,-0.778379,-0.775745,-0.776247,-0.773167,-0.773882,-0.768961,-0.762046,-0.758626,-0.755583,-0.748294,-0.744739,-0.739402,-0.737482,-0.732114,-0.728801,-0.724985,-0.721965,-0.717434,-0.714702,-0.711104,-0.710477,-0.711231,-0.712238,-0.710149,-0.712223,-0.712631,-0.716476,-0.717514,-0.717995,-0.718344,-0.717928,-0.71721,-0.716662,-0.714948,-0.712469,-0.710439,-0.702501,-0.698058,-0.688708,-0.687534,-0.685909,-0.684954,-0.68521,-0.687219,-0.683468,-0.666936,-0.623,-0.533287,-0.403161,-0.182256,-2.36923,0.167323,-0.841499,0.516902,0.686233,0.764911,0.898378,1.04027,1.21538,1.38769,1.51808,1.66147,1.73122,1.74505,1.74955,1.7561,1.76811,1.77022,1.77618,1.77047,1.7702,1.78503,1.78446,1.77746,1.77469,1.77469,1.77301,1.76815,1.77098,1.76622,1.76044,1.75676,1.74447,1.73275,1.72542,1.70707,1.67913,1.59684,1.50511,1.40179,1.27367,1.17174,1.04259,0.92565,0.820735,0.7821,0.527411,0.440665,0.240821,-0.034898,-0.168035,-0.322606,-0.499395,-0.604135,-0.676176,-0.719662,-0.738535,-0.733069,-0.709305,-0.674409,-0.638358,-0.607599,-0.582735,-0.574967,-0.567928,-0.564036,-0.562318,-0.557795,-0.549704,-0.540537,-0.533697,-0.534614,-0.527757,-0.521425,-0.518603,-0.514391,-0.509923,-0.509537,-0.512494,-0.514237,-0.512996,-0.515962,-0.514935,-0.516815,-0.513731,-0.514815,-0.51156,-0.510626,-0.508622,-0.512137,-0.51271,-0.510124,-0.511867,-0.51188,-0.507179,-0.506964,-0.505006,-0.503731,-0.504385,2
-0.703033,-0.702618,-0.702504,-0.701361,-0.700449,-0.700562,-0.700974,-0.701128,-0.702176,-0.701769,-0.70215,-0.70309,-0.702308,-0.702078,-0.700982,-0.700596,-0.699948,-0.698467,-0.698625,-0.699775,-0.699253,-0.697488,-0.695955,-0.695214,-0.69438,-0.693381,-0.691943,-0.691442,-0.691977,-0.690516,-0.690413,-0.690143,-0.689119,-0.680005,-0.651429,-0.62239,-0.598573,-0.600468,-0.605453,-0.619953,-0.634022,-0.631903,-0.609644,-0.589322,-0.58083,-0.573461,-0.535875,-0.461675,-0.324984,-0.135173,0.0742792,0.336236,0.590233,0.823259,1.05867,1.30788,1.53348,1.72263,1.80531,1.82998,1.8364,1.83802,1.84174,1.84262,1.84468,1.84303,1.84498,1.84481,1.84811,1.84838,1.84471,1.84441,1.842,1.84149,1.83877,1.83575,1.83575,1.83603,1.83428,1.82635,1.8238,1.80542,1.78187,1.72856,1.64993,1.5329,1.39294,1.22493,1.04667,0.869367,0.697467,0.545544,0.389306,0.206715,0.0357922,-0.0909255,-0.228702,-0.344908,-0.439183,-0.505986,-0.542426,-0.568745,-0.586581,-0.598987,-0.600124,-0.602311,-0.603906,-0.608181,-0.607899,-0.606993,-0.605227,-0.594752,-0.573293,-0.545471,-0.518326,-0.485116,-0.441876,-0.414879,-0.408644,-0.42688,-0.45623,-0.503975,-0.553178,-0.60512,-0.648776,-0.688136,-0.712715,-0.72431,-0.728226,-0.727387,-0.728031,-0.7238,-0.714066,-0.702269,-0.689749,-0.676618,-0.664604,-0.653399,-0.641649,-0.63983,-0.640131,-0.640705,-0.6398,-0.639546,-0.637827,-0.639201,-0.64026,-0.641134,-0.641406,-0.642109,1
-1.43572,-1.43227,-1.43293,-1.43164,-1.4326,-1.4323,-1.43345,-1.43243,-1.43327,-1.42995,-1.42967,-1.42911,-1.42926,-1.42665,-1.42666,-1.4238,-1.42583,-1.42617,-1.42598,-1.41033,-1.33463,-1.20885,-1.00035,-0.753657,-0.464169,-0.193932,0.00215441,0.251828,0.408639,0.54003,0.624556,0.687361,0.711544,0.736404,0.736811,0.745388,0.748143,0.752596,0.774121,0.774898,0.77177,0.783795,0.78556,0.788295,0.790786,0.786664,0.788426,0.786695,0.7886,0.794572,0.785683,0.787848,0.791212,0.78589,0.785134,0.793219,0.792751,0.789983,0.792447,0.791091,0.79156,0.792742,0.79131,0.793598,0.79335,0.784475,0.783408,0.785236,0.790235,0.780842,0.78167,0.783684,0.785997,0.787792,0.786589,0.786364,0.786364,0.784516,0.783109,0.77928,0.778617,0.778005,0.781659,0.785823,0.787713,0.788485,0.787023,0.784947,0.786012,0.788209,0.784744,0.78613,0.78044,0.782209,0.777808,0.774614,0.774742,0.778685,0.777,0.771104,0.781007,0.779614,0.772808,0.780306,0.77977,0.784298,0.787242,0.787109,0.783914,0.777776,0.753711,0.730339,0.703295,0.665355,0.637235,0.602393,0.543444,0.494395,0.405692,0.289026,0.170292,0.0273672,-0.155541,-0.310179,-0.494357,-0.67246,-0.85233,-1.04493,-1.20853,-1.34317,-1.45322,-1.52917,-1.57222,-1.58742,-1.58638,-1.57811,-1.55723,-1.53573,-1.51149,-1.49238,-1.47799,-1.46187,-1.44736,-1.43889,-1.43779,-1.43688,-1.43449,-1.43546,-1.43528,-1.43088,2
