f0,f1,f2,f3,f4,f5,f6,f7,f8,f9,f10,f11,f12,f13,f14,f15,f16,f17,f18,f19,f20,f21,f22,f23,f24,f25,f26,f27,f28,f29,f30,f31,f32,f33,f34,f35,f36,f37,f38,f39,f40,f41,f42,f43,f44,f45,f46,f47,f48,f49,f50,f51,f52,f53,f54,f55,f56,f57,f58,f59,f60,f61,f62,f63,f64,f65,f66,f67,f68,f69,f70,f71,f72,f73,f74,f75,f76,f77,f78,f79,f80,f81,f82,f83,f84,f85,f86,f87,f88,f89,f90,f91,f92,f93,f94,f95,f96,f97,f98,f99,f100,f101,f102,f103,f104,f105,f106,f107,f108,f109,f110,f111,f112,f113,f114,f115,f116,f117,f118,f119,f120,f121,f122,f123,f124,f125,f126,f127,f128,f129,f130,f131,f132,f133,f134,f135,f136,f137,f138,f139,f140,f141,f142,f143,f144,f145,f146,f147,f148,f149,f150,f151,f152,f153,f154,f155,f156,f157,f158,f159,f160,f161,f162,f163,f164,f165,f166,f167,f168,f169,f170,f171,f172,f173,f174,f175,f176,f177,f178,f179,f180,f181,f182,f183,f184,f185,f186,f187,f188,f189,f190,f191,f192,f193,f194,f195,f196,f197,f198,f199,f200,f201,f202,f203,f204,f205,f206,f207,f208,f209,f210,f211,f212,f213,f214,f215,f216,f217,f218,f219,f220,f221,f222,f223,f224,f225,f226,f227,f228,f229,f230,f231,f232,f233,f234,f235,f236,f237,f238,f239,f240,f241,f242,f243,f244,f245,f246,f247,f248,f249,f250,f251,f252,f253,f254,f255,f256,f257,f258,f259,f260,f261,f262,f263,f264,f265,f266,f267,f268,f269,f270,f271,f272,f273,f274,f275,f276,f277,f278,f279,f280,f281,f282,f283,f284,f285,f286,f287,f288,f289,f290,f291,f292,f293,f294,f295,f296,f297,f298,f299,f300,f301,f302,f303,f304,f305,f306,f307,f308,f309,f310,f311,f312,f313,f314,f315,f316,f317,f318,f319,f320,f321,f322,f323,f324,f325,f326,f327,f328,f329,f330,f331,f332,f333,f334,f335,f336,f337,f338,f339,f340,f341,f342,f343,f344,class
1.8553,1.85293,1.85392,1.83152,1.78193,1.78625,1.74119,1.68328,1.62456,1.57076,1.51084,1.45579,1.40055,1.3405,1.28048,1.22047,1.16048,1.10245,1.05209,0.993182,0.933451,0.873745,0.814064,0.754418,0.703531,0.650532,0.591218,0.53195,0.472733,0.421621,0.372697,0.313924,0.255235,0.208013,0.159354,0.101243,0.043238,0.000874985,-0.0477468,-0.104985,-0.162094,-0.19844,-0.247277,-0.303364,-0.357595,-0.388252,-0.437575,-0.492146,-0.546476,-0.600514,-0.627809,-0.669152,-0.721392,-0.772525,-0.790484,-0.831701,-0.881204,-0.924698,-0.935329,-0.976573,-1.02253,-1.06781,-1.11235,-1.11335,-1.1415,-1.18205,-1.22165,-1.25997,-1.2572,-1.2687,-1.30221,-1.33434,-1.31486,-1.32388,-1.35025,-1.3751,-1.39784,-1.37474,-1.36317,-1.3799,-1.3946,-1.40703,-1.38183,-1.34859,-1.35511,-1.35906,-1.31752,-1.28299,-1.28139,-1.27761,-1.27172,-1.26409,-1.23936,-1.1688,-1.15383,-1.13931,-1.12323,-1.10562,-1.08611,-1.06499,-1.01433,-0.946856,-0.922337,-0.89621,-0.868896,-0.840426,-0.810834,-0.779794,-0.74767,-0.71456,-0.680494,-0.64535,-0.609131,-0.572081,-0.534228,-0.495597,-0.455929,-0.415568,-0.374535,-0.332854,-0.290407,-0.247275,-0.203584,-0.159352,-0.114568,-0.0691206,-0.0232079,0.0231552,0.0670384,0.0773096,0.117715,0.166548,0.215733,0.265297,0.284812,0.322687,0.373872,0.424294,0.445396,0.489941,0.529929,0.554692,0.581419,0.610106,0.640358,0.672148,0.70547,0.740829,0.777597,0.792316,0.780356,0.821071,0.863277,0.875584,0.875121,0.920767,0.967962,1.01627,1.06906,1.12822,1.17877,1.23665,1.29284,1.3465,1.40668,1.4609,1.5152,1.57036,1.62498,1.62151,1.66301,1.72157,1.77201,1.77153,1.77187,1.73885,1.69631,1.69876,1.64301,1.5867,1.53121,1.47587,1.41556,1.36082,1.30391,1.24375,1.1836,1.13125,1.07423,1.01769,0.970968,0.981862,0.948303,0.901791,0.866994,0.881696,0.845594,0.804144,0.764003,0.725203,0.688346,0.652956,0.619041,0.586633,0.556115,0.527498,0.500515,0.467513,0.414243,0.390543,0.348072,0.308585,0.28658,0.235927,0.185618,0.153546,0.131908,0.0833235,0.0352315,0.0117689,-0.00973063,-0.0558348,-0.101313,-0.146269,-0.190715,-0.227341,-0.227341,-0.26382,-0.304925,-0.345387,-0.385185,-0.423993,-0.46206,-0.499362,-0.535874,-0.571366,-0.605836,-0.639402,-0.672036,-0.703645,-0.733888,-0.763073,-0.79117,-0.822493,-0.903183,-0.939693,-0.963312,-0.985627,-1.00643,-1.02544,-1.04302,-1.05913,-1.07577,-1.1478,-1.17438,-1.18407,-1.1921,-1.19813,-1.20208,-1.23907,-1.28318,-1.28192,-1.27816,-1.27264,-1.28954,-1.33352,-1.32188,-1.30822,-1.29287,-1.28932,-1.32764,-1.30918,-1.28591,-1.28054,-1.30456,-1.27544,-1.24487,-1.23719,-1.24438,-1.2088,-1.17182,-1.16154,-1.1535,-1.1124,-1.07012,-1.05707,-1.03584,-0.990151,-0.943671,-0.927804,-0.895553,-0.855255,-0.838841,-0.788276,-0.736552,-0.696005,-0.66987,-0.616225,-0.562262,-0.508038,-0.459186,-0.429472,-0.375546,-0.319705,-0.271286,-0.235659,-0.178734,-0.121668,-0.0734187,-0.0315694,0.0263071,0.0694302,0.120957,0.175029,0.219096,0.278107,0.337169,0.390933,0.439291,0.498762,0.549182,0.603996,0.663786,0.7236,0.783446,0.837366,0.891867,0.951939,1.01203,1.07214,1.13226,1.1909,1.24405,1.30378,1.36407,1.42247,1.47741,1.53782,1.59488,1.65135,1.6984,1.69596,1.74749,1.80722,1.80722,2
1.55411,1.54684,1.54331,1.55058,1.5287,1.47937,1.43141,1.38391,1.33822,1.29311,1.24941,1.19854,1.14169,1.08491,1.02815,0.971484,0.914851,0.858289,0.801792,0.745343,0.688995,0.63268,0.576484,0.520338,0.464286,0.408328,0.352431,0.296681,0.243396,0.207818,0.164993,0.110281,0.0557352,0.00128435,-0.0529102,-0.107027,-0.160875,-0.204215,-0.232376,-0.276583,-0.328811,-0.380593,-0.43224,-0.483447,-0.520737,-0.540269,-0.580196,-0.628989,-0.677006,-0.717059,-0.727667,-0.754295,-0.799008,-0.842851,-0.886367,-0.928571,-0.959812,-0.956854,-0.974143,-1.01168,-1.04781,-1.08345,-1.11707,-1.15008,-1.18145,-1.18388,-1.16067,-1.17536,-1.20011,-1.22218,-1.24333,-1.26239,-1.27966,-1.29553,-1.30867,-1.32093,-1.32998,-1.33784,-1.34331,-1.34663,-1.34846,-1.34718,-1.34497,-1.33949,-1.33272,-1.32367,-1.31246,-1.29994,-1.28447,-1.26816,-1.24911,-1.22886,-1.2068,-1.1829,-1.15801,-1.13075,-1.10284,-1.0729,-1.04202,-1.00985,-1.0079,-1.02004,-0.985518,-0.947648,-0.908422,-0.868502,-0.827747,-0.814048,-0.811287,-0.767844,-0.722886,-0.677095,-0.630834,-0.584073,-0.561018,-0.546188,-0.496664,-0.44697,-0.396787,-0.360722,-0.337945,-0.292409,-0.240167,-0.187501,-0.13472,-0.0816573,-0.028398,0.0250249,0.0608208,0.0937015,0.148413,0.203201,0.25815,0.313225,0.368393,0.423727,0.47911,0.534661,0.59027,0.645989,0.701802,0.757676,0.813675,0.867769,0.907911,0.954312,1.01098,1.06771,1.12447,1.1692,1.21281,1.25815,1.30429,1.35157,1.40006,1.44916,1.49986,1.54035,1.53439,1.55471,1.60857,1.62263,1.61937,1.61736,1.61568,1.61503,1.61499,1.61564,1.61724,1.6192,1.5648,1.52407,1.52872,1.50489,1.4526,1.44556,1.45214,1.40304,1.35443,1.30716,1.2609,1.21556,1.16089,1.10436,1.06147,1.01441,0.957747,0.910344,0.870202,0.81707,0.761063,0.705188,0.649365,0.593646,0.538027,0.482477,0.427082,0.371736,0.316569,0.261481,0.206531,0.151729,0.0970174,0.0627282,0.0282626,-0.0251603,-0.0784414,-0.131504,-0.184309,-0.236975,-0.289244,-0.336564,-0.359341,-0.393745,-0.443928,-0.493662,-0.543187,-0.592024,-0.633728,-0.646526,-0.67432,-0.720111,-0.765135,-0.809848,-0.8534,-0.887026,-0.887026,-0.906045,-0.945271,-0.983243,-1.02078,-1.00863,-1.0079,-1.04007,-1.07109,-1.10102,-1.12908,-1.15487,-1.12577,-1.11107,-1.13201,-1.15137,-1.16942,-1.18502,-1.19983,-1.21165,-1.22242,-1.23095,-1.20382,-1.15043,-1.14288,-1.14421,-1.14259,-1.13983,-1.13496,-1.12816,-1.12009,-1.10933,-1.09777,-1.08355,-1.06823,-1.0511,-1.06684,-1.10138,-1.08389,-1.05984,-1.03362,-1.00642,-0.97782,-0.980273,-0.998254,-0.967987,-0.933425,-0.897326,-0.860475,-0.822661,-0.813128,-0.815889,-0.775792,-0.733389,-0.689999,-0.663354,-0.655616,-0.619498,-0.572737,-0.525114,-0.484973,-0.468255,-0.434804,-0.384621,-0.333988,-0.283202,-0.231886,-0.180438,-0.128634,-0.0900696,-0.0632309,-0.015447,0.0379908,0.0917414,0.145583,0.199632,0.253835,0.308158,0.362686,0.417277,0.472081,0.520522,0.55624,0.603777,0.659496,0.715347,0.771237,0.827255,0.883322,0.939474,0.995702,1.05198,1.10835,1.16273,1.20433,1.24676,1.29046,1.33545,1.38114,1.42852,1.47638,1.52571,1.55103,1.54375,1.53737,1.5314,1.52667,1.52228,1.51896,1.51623,1.51424,1.51319,1.51252,1.51315,1.51412,1.51611,1.51876,1.52208,1.52208,3
1.93194,1.93048,1.93065,1.92573,1.87071,1.81643,1.76277,1.70999,1.65368,1.59837,1.54691,1.49034,1.43318,1.37609,1.32623,1.27716,1.2277,1.17091,1.12094,1.07459,1.02947,0.985678,0.937907,0.881993,0.839288,0.798864,0.759206,0.704197,0.659566,0.620397,0.566029,0.511762,0.457581,0.40352,0.366367,0.326243,0.273036,0.220028,0.16715,0.114403,0.061901,0.00955767,-0.0426314,-0.0945676,-0.146284,-0.197816,-0.249092,-0.277572,-0.310327,-0.360048,-0.409329,-0.458325,-0.507032,-0.555194,-0.583214,-0.601901,-0.647796,-0.693146,-0.738048,-0.782326,-0.794058,-0.812165,-0.853391,-0.893567,-0.91195,-0.909026,-0.945385,-0.980867,-1.00811,-0.993561,-1.01104,-1.04104,-1.06971,-1.09679,-1.10268,-1.07469,-1.09316,-1.11363,-1.13286,-1.14986,-1.16539,-1.17955,-1.1916,-1.20178,-1.2105,-1.2173,-1.22185,-1.22489,-1.22626,-1.22504,-1.2223,-1.21804,-1.21124,-1.20281,-1.19291,-1.18086,-1.16698,-1.15171,-1.13471,-1.11573,-1.0955,-1.07392,-1.05032,-1.05146,-1.07283,-1.04416,-1.01436,-0.983572,-0.951393,-0.951623,-0.94934,-0.912982,-0.875472,-0.85398,-0.856238,-0.81665,-0.774884,-0.735319,-0.728919,-0.698055,-0.652788,-0.606894,-0.584739,-0.560434,-0.512272,-0.463626,-0.414686,-0.365443,-0.342778,-0.305605,-0.25467,-0.203395,-0.151899,-0.100218,-0.0482814,0.00387579,0.0561896,0.108691,0.161411,0.214264,0.267252,0.320455,0.362788,0.397639,0.4517,0.505864,0.556426,0.592804,0.643282,0.693107,0.732059,0.772722,0.814434,0.857207,0.901735,0.952772,1.00825,1.05474,1.10225,1.15221,1.20917,1.26054,1.31268,1.36981,1.42697,1.48156,1.5329,1.59016,1.64491,1.69772,1.75158,1.80617,1.86138,1.91741,1.92945,1.91004,1.85301,1.79689,1.74137,1.68646,1.63267,1.57687,1.5195,1.46214,1.40812,1.3546,1.29734,1.24504,1.19198,1.13487,1.08472,1.03605,0.988221,0.94198,0.896702,0.852375,0.809602,0.757965,0.705837,0.665338,0.62644,0.582229,0.527457,0.489887,0.445592,0.391535,0.337643,0.296266,0.261266,0.208278,0.155451,0.10276,0.0502584,-0.00202462,-0.0541486,-0.106085,-0.15773,-0.209187,-0.260452,-0.311356,-0.362023,-0.41246,-0.46252,-0.491067,-0.517712,-0.565874,-0.613538,-0.660839,-0.707717,-0.721058,-0.747867,-0.79211,-0.835467,-0.854406,-0.862363,-0.902458,-0.941685,-0.968423,-0.961275,-0.988605,-1.0229,-1.05622,-1.04223,-1.0474,-1.07598,-1.10271,-1.12821,-1.14402,-1.11293,-1.11792,-1.13663,-1.15363,-1.16862,-1.18222,-1.19427,-1.20388,-1.21201,-1.21866,-1.22276,-1.22519,-1.2261,-1.22473,-1.22139,-1.21653,-1.20973,-1.20071,-1.19024,-1.17819,-1.16374,-1.14794,-1.13079,-1.11145,-1.09072,-1.07785,-1.10584,-1.09377,-1.06647,-1.0378,-1.0076,-0.995204,-1.00975,-0.976925,-0.941277,-0.907835,-0.912474,-0.889037,-0.848734,-0.807508,-0.793562,-0.777323,-0.733046,-0.688049,-0.642611,-0.596716,-0.58163,-0.549753,-0.501546,-0.452821,-0.403766,-0.354431,-0.304711,-0.274968,-0.2433,-0.192024,-0.140452,-0.0887003,-0.0367641,0.0154581,0.0678321,0.120356,0.17311,0.226015,0.279047,0.332253,0.370084,0.409627,0.463688,0.501879,0.545791,0.600563,0.639322,0.686916,0.740886,0.781794,0.823919,0.867064,0.911614,0.957458,1.00422,1.05206,1.10125,1.15398,1.21109,1.2621,1.31651,1.37326,1.42566,1.48134,1.5387,1.59607,1.65067,1.70484,1.75976,1.81564,1.81564,4
1.51541,1.50931,1.50708,1.51318,1.4816,1.4283,1.43422,1.42736,1.37738,1.36361,1.37549,1.33474,1.28541,1.22583,1.17463,1.13069,1.07385,1.01483,0.955891,0.905888,0.865264,0.810472,0.752265,0.6942,0.636212,0.578321,0.520573,0.462886,0.405387,0.347976,0.290699,0.233592,0.176562,0.119787,0.0716409,0.0401355,-0.00711335,-0.0625255,-0.117562,-0.172465,-0.22707,-0.281392,-0.335533,-0.360449,-0.390236,-0.442275,-0.493934,-0.545294,-0.595998,-0.639195,-0.651802,-0.682334,-0.72994,-0.776656,-0.816775,-0.819481,-0.840694,-0.883336,-0.924816,-0.96581,-1.00533,-1.02356,-1.01172,-1.03367,-1.0679,-1.1001,-1.13146,-1.16135,-1.15148,-1.12314,-1.14671,-1.1694,-1.19021,-1.20918,-1.22708,-1.24209,-1.25611,-1.2678,-1.27758,-1.28601,-1.29143,-1.29577,-1.29747,-1.29735,-1.29565,-1.29105,-1.2854,-1.27697,-1.26694,-1.25525,-1.24101,-1.22577,-1.20787,-1.18869,-1.16788,-1.14498,-1.12521,-1.15355,-1.15916,-1.12927,-1.09774,-1.06549,-1.03115,-1.01258,-1.02442,-1.00244,-0.962919,-0.921805,-0.880216,-0.837574,-0.819283,-0.816577,-0.773251,-0.726457,-0.678851,-0.650879,-0.638273,-0.592295,-0.541536,-0.490175,-0.454357,-0.433341,-0.385278,-0.331572,-0.27743,-0.223074,-0.16847,-0.133631,-0.101728,-0.0455515,0.0107544,0.0672433,0.123941,0.180729,0.237765,0.287306,0.323856,0.375094,0.433151,0.491385,0.54967,0.608066,0.666558,0.725104,0.783783,0.842503,0.901318,0.950876,0.993877,1.05169,1.10809,1.15377,1.20055,1.24829,1.29771,1.34773,1.39929,1.4517,1.50501,1.5105,1.51202,1.56843,1.59862,1.59529,1.59297,1.59107,1.5904,1.59025,1.59092,1.59253,1.59456,1.59788,1.60166,1.60631,1.57171,1.51675,1.52266,1.51276,1.46098,1.44705,1.45735,1.41325,1.36533,1.31888,1.2736,1.22921,1.17187,1.11612,1.07441,1.02409,0.965572,0.923438,0.881901,0.824161,0.766507,0.708952,0.651553,0.594218,0.537077,0.480033,0.423124,0.3664,0.310983,0.279749,0.239684,0.184311,0.129184,0.0741717,0.0195509,-0.0349343,-0.0891277,-0.123526,-0.146504,-0.197347,-0.249455,-0.301118,-0.352391,-0.403387,-0.42088,-0.442311,-0.490626,-0.53844,-0.58582,-0.632326,-0.671202,-0.67375,-0.695876,-0.73856,-0.780123,-0.821229,-0.860999,-0.878442,-0.867355,-0.89108,-0.925892,-0.958885,-0.991052,-1.02193,-1.0512,-1.07974,-1.10591,-1.11161,-1.07785,-1.07939,-1.09922,-1.11633,-1.13251,-1.14664,-1.15892,-1.17002,-1.17824,-1.18546,-1.19028,-1.1933,-1.19491,-1.19369,-1.19145,-1.18663,-1.18019,-1.17219,-1.2113,-1.25079,-1.23593,-1.21966,-1.20176,-1.18158,-1.1605,-1.13693,-1.13489,-1.16323,-1.14896,-1.11895,-1.08675,-1.05377,-1.01943,-1.01663,-1.02846,-0.988944,-0.948906,-0.907753,-0.865655,-0.823013,-0.818359,-0.803895,-0.757362,-0.710201,-0.662595,-0.646574,-0.625625,-0.575012,-0.523998,-0.472638,-0.420698,-0.368554,-0.315899,-0.277176,-0.253081,-0.204429,-0.149773,-0.0947457,-0.0395497,0.0158624,0.071541,0.125604,0.15812,0.200205,0.257241,0.314448,0.37173,0.429228,0.486796,0.544498,0.602325,0.660215,0.718276,0.776388,0.834615,0.882108,0.922732,0.980327,1.03549,1.07898,1.13145,1.19096,1.23866,1.28512,1.3332,1.38225,1.43224,1.43334,1.4335,1.4868,1.51258,1.50648,1.50144,1.49681,1.49342,1.49058,1.48854,1.48749,1.48688,1.48756,1.48874,1.49078,1.49078,3
1.588,1.58516,1.58761,1.55014,1.50691,1.4987,1.47292,1.42808,1.38434,1.3408,1.29384,1.24689,1.19996,1.15304,1.10613,1.05925,1.01237,0.965521,0.918684,0.871867,0.825069,0.778291,0.731535,0.684801,0.638091,0.591405,0.544745,0.498113,0.451508,0.404934,0.359315,0.322507,0.276233,0.230004,0.183824,0.137693,0.100642,0.0585886,0.0128951,-0.0327239,-0.0714725,-0.108468,-0.153499,-0.19842,-0.243224,-0.285524,-0.314179,-0.358146,-0.401925,-0.445516,-0.488904,-0.515583,-0.552539,-0.594631,-0.63642,-0.677884,-0.718995,-0.759724,-0.800038,-0.839901,-0.879274,-0.918114,-0.95637,-0.993977,-1.03084,-1.06694,-1.10219,-1.13651,-1.16981,-1.20199,-1.21145,-1.22189,-1.24885,-1.27421,-1.29784,-1.3196,-1.33936,-1.35698,-1.37233,-1.38517,-1.39541,-1.40304,-1.40797,-1.41018,-1.40962,-1.40632,-1.40029,-1.39161,-1.38036,-1.36662,-1.35052,-1.33219,-1.31176,-1.28936,-1.26513,-1.2391,-1.21151,-1.18251,-1.15219,-1.12066,-1.08804,-1.0544,-1.01984,-0.984418,-0.948221,-0.911306,-0.873734,-0.835557,-0.799931,-0.78503,-0.744565,-0.703675,-0.662416,-0.620816,-0.578902,-0.536695,-0.494218,-0.451489,-0.408527,-0.365347,-0.321964,-0.283769,-0.253478,-0.209151,-0.164684,-0.120088,-0.0753648,-0.030524,0.001433,0.044218,0.0896591,0.135179,0.180773,0.226438,0.266356,0.305286,0.351365,0.397493,0.443667,0.489885,0.53538,0.57189,0.618401,0.673927,0.721569,0.768011,0.814484,0.860986,0.907517,0.954075,1.00066,1.04727,1.0939,1.14056,1.18723,1.23393,1.28065,1.32739,1.37414,1.42092,1.46134,1.50131,1.54206,1.58354,1.59839,1.61815,1.64071,1.63752,1.63491,1.63287,1.63142,1.63055,1.63025,1.63057,1.63148,1.59041,1.58444,1.55107,1.50707,1.46377,1.42118,1.37654,1.33184,1.28849,1.24145,1.19588,1.15464,1.10773,1.06084,1.01397,0.96033,0.912503,0.865566,0.818646,0.771743,0.724856,0.677988,0.631139,0.584311,0.537503,0.490717,0.443955,0.397218,0.351037,0.313384,0.266994,0.220559,0.174164,0.127811,0.089413,0.0471619,0.00119875,-0.0447009,-0.0905329,-0.131224,-0.167542,-0.212816,-0.257988,-0.30137,-0.330936,-0.375337,-0.419577,-0.46365,-0.491767,-0.530606,-0.57355,-0.616241,-0.658658,-0.70078,-0.732483,-0.758346,-0.798676,-0.838557,-0.877949,-0.916809,-0.95509,-0.992696,-1.00026,-1.03176,-1.066,-1.09928,-1.13151,-1.16261,-1.19245,-1.22094,-1.24796,-1.27339,-1.29708,-1.31892,-1.33875,-1.35645,-1.37187,-1.38473,-1.39507,-1.40279,-1.40782,-1.41013,-1.40967,-1.40647,-1.40054,-1.39196,-1.38079,-1.36715,-1.35113,-1.33288,-1.31251,-1.29018,-1.26596,-1.23999,-1.21246,-1.1835,-1.15323,-1.12175,-1.08916,-1.05556,-1.02103,-0.985641,-0.94947,-0.92078,-0.904935,-0.865935,-0.826412,-0.786409,-0.745943,-0.705067,-0.663822,-0.622235,-0.580332,-0.538136,-0.495668,-0.463558,-0.430675,-0.387016,-0.343173,-0.299159,-0.254986,-0.210664,-0.167212,-0.13814,-0.0931185,-0.0479473,-0.00268173,0.0426727,0.0787175,0.119954,0.165807,0.21172,0.257692,0.299555,0.33828,0.38461,0.43098,0.477387,0.523829,0.570307,0.616817,0.663358,0.709928,0.756526,0.80315,0.849799,0.896472,0.943168,0.989887,1.03967,1.09231,1.13897,1.18564,1.23163,1.27061,1.31746,1.35761,1.3982,1.43956,1.48168,1.52452,1.56805,1.58645,1.58391,1.58196,1.58059,1.57981,1.57963,1.58003,1.58003,3
1.88196,1.87995,1.88131,1.84473,1.79018,1.7364,1.68236,1.62483,1.57273,1.51586,1.45826,1.40067,1.3431,1.28553,1.2284,1.17792,1.1212,1.06379,1.0064,0.949017,0.89385,0.844419,0.787246,0.730098,0.680819,0.627861,0.570981,0.514135,0.458795,0.414157,0.35815,0.301712,0.254264,0.205449,0.14947,0.0935611,0.0377269,-0.00166042,-0.0541753,-0.109365,-0.154878,-0.197255,-0.251657,-0.305477,-0.337917,-0.388312,-0.441499,-0.481298,-0.518404,-0.570298,-0.62192,-0.673209,-0.698705,-0.740955,-0.790427,-0.839483,-0.880045,-0.897585,-0.94426,-0.990295,-1.00746,-1.03654,-1.07954,-1.12174,-1.15838,-1.15622,-1.19232,-1.22945,-1.23617,-1.24543,-1.27785,-1.30893,-1.33855,-1.31588,-1.33197,-1.35561,-1.37754,-1.37925,-1.35162,-1.36734,-1.38081,-1.39229,-1.36229,-1.3423,-1.34743,-1.35056,-1.34933,-1.29025,-1.28004,-1.27493,-1.26791,-1.23661,-1.18232,-1.17019,-1.15614,-1.14027,-1.12277,-1.10367,-1.06033,-0.99894,-0.97608,-0.95175,-0.925945,-0.898878,-0.870594,-0.84114,-0.796364,-0.722712,-0.690785,-0.657722,-0.623723,-0.588825,-0.553065,-0.516478,-0.479098,-0.44096,-0.401962,-0.362282,-0.321949,-0.280988,-0.239428,-0.197294,-0.15461,-0.111321,-0.0675194,-0.0232438,0.0214859,0.0666508,0.104555,0.118118,0.165121,0.212499,0.260211,0.290141,0.320283,0.369447,0.416242,0.436916,0.485304,0.515102,0.555567,0.595817,0.622593,0.650986,0.681034,0.712839,0.746135,0.746019,0.753212,0.790357,0.820412,0.804432,0.844935,0.887263,0.893047,0.909631,0.958846,1.0139,1.06088,1.118,1.16749,1.22204,1.27936,1.33385,1.38522,1.44237,1.49332,1.54521,1.59796,1.65153,1.70591,1.74702,1.74502,1.74378,1.7433,1.74351,1.70992,1.65365,1.59813,1.5434,1.48952,1.4366,1.37995,1.32601,1.27157,1.21402,1.15749,1.10713,1.04987,0.999355,0.951212,0.932314,0.924241,0.879285,0.835524,0.793232,0.799568,0.777131,0.738473,0.701199,0.665348,0.630961,0.598303,0.54729,0.510469,0.481334,0.443664,0.397698,0.370332,0.31913,0.293877,0.250678,0.218444,0.186411,0.137566,0.0923483,0.0770236,0.0317798,-0.0150464,-0.0614821,-0.0910256,-0.110786,-0.155261,-0.199236,-0.242621,-0.285469,-0.327754,-0.369452,-0.410534,-0.450974,-0.490741,-0.529661,-0.56783,-0.605213,-0.641775,-0.67748,-0.712288,-0.746162,-0.778897,-0.810559,-0.84114,-0.870594,-0.898878,-0.925945,-0.95175,-0.97608,-0.99894,-1.02038,-1.07193,-1.12277,-1.14027,-1.15614,-1.17019,-1.18232,-1.19268,-1.23612,-1.27493,-1.28004,-1.28323,-1.28439,-1.33886,-1.34743,-1.3423,-1.33518,-1.3261,-1.32359,-1.36677,-1.35162,-1.33404,-1.31468,-1.32031,-1.33197,-1.30669,-1.28083,-1.30178,-1.27785,-1.24543,-1.21173,-1.19348,-1.19232,-1.15413,-1.1148,-1.07449,-1.06198,-1.03654,-0.992799,-0.956929,-0.94426,-0.897585,-0.85032,-0.826417,-0.790427,-0.740955,-0.698705,-0.673209,-0.62192,-0.570298,-0.537803,-0.494479,-0.441499,-0.388312,-0.337917,-0.305477,-0.251657,-0.197255,-0.154878,-0.109365,-0.0541753,0.00111573,0.0563434,0.0960106,0.14947,0.1958,0.245325,0.301712,0.355699,0.400551,0.457324,0.514135,0.563516,0.615875,0.672974,0.730098,0.786632,0.835113,0.891655,0.949017,1.0064,1.06074,1.11288,1.17042,1.22797,1.28553,1.3431,1.40067,1.45568,1.50929,1.56636,1.61938,1.67335,1.7281,1.78361,1.83986,1.8781,1.8781,2
1.87612,1.87566,1.87577,1.86287,1.80762,1.75324,1.69787,1.64128,1.58468,1.53064,1.4764,1.41988,1.36788,1.3134,1.25817,1.20771,1.15835,1.10984,1.0622,1.01594,0.970733,0.922795,0.867342,0.823536,0.781684,0.738446,0.683731,0.641422,0.596459,0.542271,0.488193,0.434192,0.380268,0.326439,0.272732,0.219115,0.165591,0.112207,0.0589496,0.0133308,-0.0187869,-0.0706699,-0.122812,-0.174799,-0.226584,-0.278131,-0.329491,-0.378576,-0.403381,-0.445647,-0.495257,-0.544572,-0.593444,-0.624784,-0.647637,-0.694477,-0.74079,-0.771964,-0.783742,-0.827361,-0.870382,-0.901757,-0.903982,-0.939753,-0.956336,-0.95742,-0.993238,-1.02796,-1.04383,-1.0295,-1.05953,-1.08845,-1.10401,-1.07942,-1.09606,-1.1184,-1.13944,-1.1585,-1.17589,-1.19183,-1.20619,-1.21816,-1.22854,-1.23733,-1.24403,-1.24855,-1.2514,-1.25259,-1.25124,-1.24806,-1.24323,-1.23653,-1.22743,-1.21673,-1.20446,-1.19011,-1.17388,-1.15621,-1.13711,-1.11585,-1.09326,-1.08237,-1.10696,-1.08506,-1.05592,-1.03122,-1.04555,-1.02383,-0.98894,-0.953122,-0.956885,-0.935013,-0.895269,-0.854657,-0.844526,-0.822127,-0.778442,-0.733992,-0.71213,-0.688857,-0.642016,-0.594607,-0.563099,-0.538654,-0.489339,-0.439677,-0.389762,-0.3396,-0.289087,-0.254196,-0.220369,-0.168585,-0.116566,-0.0643956,-0.0120779,0.040432,0.0930997,0.14589,0.198801,0.25189,0.305084,0.358378,0.411792,0.465331,0.518955,0.570967,0.607817,0.657229,0.706402,0.745631,0.78661,0.835837,0.888575,0.931674,0.976099,1.02149,1.06784,1.11557,1.16902,1.22311,1.27239,1.32814,1.38142,1.43303,1.48947,1.54592,1.60061,1.65278,1.70931,1.76374,1.81725,1.87153,1.87682,1.87589,1.87554,1.876,1.83524,1.78036,1.72612,1.66957,1.61506,1.56119,1.50467,1.45202,1.39804,1.34161,1.28518,1.23294,1.18062,1.12433,1.07492,1.02675,0.979488,0.933455,0.888687,0.844932,0.80221,0.761158,0.711089,0.660827,0.622016,0.569364,0.524447,0.485683,0.432124,0.378675,0.325322,0.272064,0.218975,0.165996,0.113132,0.0604149,0.00787588,-0.0445267,-0.0944503,-0.123108,-0.16797,-0.219028,-0.269879,-0.320405,-0.370706,-0.420773,-0.470521,-0.496122,-0.52861,-0.576577,-0.624023,-0.671057,-0.7075,-0.719683,-0.761551,-0.805552,-0.842883,-0.847207,-0.879837,-0.903314,-0.901878,-0.939031,-0.975329,-0.998804,-0.987149,-1.01365,-1.02006,-1.00672,-1.03393,-1.05976,-1.08438,-1.10773,-1.07699,-1.07521,-1.093,-1.10906,-1.12317,-1.13581,-1.14697,-1.15587,-1.16302,-1.1686,-1.17246,-1.1739,-1.17374,-1.17199,-1.16814,-1.16225,-1.1548,-1.1458,-1.13445,-1.12152,-1.10713,-1.09108,-1.07302,-1.08081,-1.10493,-1.08158,-1.05672,-1.03067,-1.00345,-1.02232,-1.00984,-0.977768,-0.944509,-0.947676,-0.934572,-0.897296,-0.858907,-0.848159,-0.834002,-0.792364,-0.749822,-0.727197,-0.711615,-0.666403,-0.620616,-0.57442,-0.52965,-0.512862,-0.474502,-0.42585,-0.37687,-0.327491,-0.277862,-0.22799,-0.177807,-0.127358,-0.0863435,-0.0590933,-0.00737278,0.0445068,0.096536,0.148736,0.201126,0.253641,0.306279,0.359082,0.412014,0.465051,0.518192,0.553361,0.599576,0.64977,0.687092,0.738756,0.786359,0.82613,0.867534,0.910124,0.953741,0.998457,1.04462,1.09632,1.15084,1.19875,1.25327,1.30945,1.36537,1.41493,1.46896,1.52531,1.58166,1.63321,1.68482,1.73712,1.79036,1.84439,1.84439,4
1.63203,1.62851,1.63008,1.61207,1.56732,1.52335,1.48027,1.43792,1.39633,1.35503,1.30632,1.25764,1.20897,1.16032,1.1117,1.0631,1.01453,0.965978,0.917452,0.868957,0.820493,0.772058,0.723652,0.675276,0.626944,0.571273,0.51724,0.468792,0.420381,0.372012,0.323679,0.275384,0.227778,0.191277,0.14595,0.0981421,0.0503947,0.00271561,-0.0448739,-0.0826657,-0.121034,-0.167987,-0.214813,-0.261511,-0.29826,-0.331788,-0.37758,-0.423141,-0.46852,-0.504188,-0.531208,-0.57525,-0.618959,-0.662376,-0.696864,-0.715174,-0.7566,-0.797556,-0.838044,-0.878036,-0.917454,-0.925804,-0.952362,-0.988527,-1.02392,-1.05827,-1.09155,-1.12383,-1.15503,-1.18511,-1.21345,-1.24042,-1.26594,-1.28242,-1.25947,-1.27345,-1.2905,-1.30567,-1.31889,-1.32945,-1.33773,-1.34385,-1.34778,-1.34933,-1.34795,-1.34437,-1.33858,-1.33063,-1.32007,-1.30716,-1.29229,-1.27552,-1.25692,-1.23594,-1.21337,-1.18927,-1.16373,-1.13661,-1.10796,-1.07814,-1.04723,-1.01528,-0.98209,-0.974714,-0.956426,-0.919638,-0.882106,-0.843758,-0.804838,-0.776302,-0.761203,-0.719777,-0.677896,-0.635648,-0.599577,-0.580143,-0.536101,-0.491814,-0.456249,-0.428203,-0.382642,-0.336876,-0.290955,-0.250459,-0.220016,-0.17319,-0.126253,-0.0863208,-0.050161,-0.00257679,0.045097,0.0848419,0.125427,0.173572,0.221773,0.270022,0.318311,0.363976,0.402753,0.451374,0.500021,0.548692,0.598852,0.65637,0.705937,0.75453,0.803147,0.851788,0.900457,0.949149,0.997861,1.04659,1.09534,1.14412,1.19291,1.24172,1.28974,1.33142,1.37918,1.42476,1.46791,1.51178,1.55661,1.60211,1.62631,1.63194,1.67939,1.68363,1.68295,1.68282,1.68325,1.6844,1.68616,1.66381,1.62831,1.63184,1.58962,1.54534,1.50176,1.45889,1.41695,1.36924,1.3249,1.28451,1.24494,1.19644,1.14797,1.09953,1.05111,1.00273,0.954379,0.906058,0.85777,0.809513,0.761301,0.713129,0.659493,0.602789,0.554505,0.506269,0.458072,0.409914,0.361799,0.313739,0.265733,0.224917,0.186382,0.138848,0.091411,0.0440488,-0.00323456,-0.0504354,-0.0975353,-0.130059,-0.170339,-0.216655,-0.262842,-0.308845,-0.354684,-0.390285,-0.419981,-0.464674,-0.509073,-0.553229,-0.587701,-0.609695,-0.652164,-0.694219,-0.735887,-0.769085,-0.780894,-0.820075,-0.85869,-0.896702,-0.934074,-0.97065,-1.00629,-1.0411,-1.07502,-1.10801,-1.13965,-1.17007,-1.17851,-1.17385,-1.19909,-1.22239,-1.2441,-1.26415,-1.28247,-1.29853,-1.31236,-1.32417,-1.33392,-1.34155,-1.34616,-1.34856,-1.34873,-1.34667,-1.34206,-1.33477,-1.32535,-1.31385,-1.30032,-1.28425,-1.26622,-1.24643,-1.22496,-1.20178,-1.17666,-1.17704,-1.17341,-1.14316,-1.11152,-1.07869,-1.04491,-1.01023,-0.974714,-0.938138,-0.900872,-0.876284,-0.862584,-0.822428,-0.781681,-0.74049,-0.698882,-0.658229,-0.639993,-0.601977,-0.558122,-0.514005,-0.469622,-0.443978,-0.405423,-0.359772,-0.313956,-0.267953,-0.23572,-0.196603,-0.149737,-0.102769,-0.0556687,-0.00848134,0.0327917,0.0689512,0.116718,0.164558,0.212452,0.2604,0.308399,0.356459,0.396273,0.439208,0.487629,0.536084,0.584578,0.63963,0.694089,0.742469,0.790887,0.839338,0.887816,0.93632,0.98485,1.03341,1.082,1.13061,1.17924,1.22789,1.26934,1.31496,1.36146,1.40333,1.44619,1.48984,1.53419,1.57923,1.62499,1.62494,1.62272,1.62107,1.61998,1.61958,1.61985,1.62067,1.62067,3
1.84189,1.84049,1.84078,1.83081,1.77717,1.72437,1.6704,1.61456,1.56314,1.509,1.45318,1.39736,1.34633,1.29388,1.23842,1.18984,1.14213,1.09527,1.04952,1.00506,0.961541,0.918336,0.863793,0.818336,0.774288,0.720172,0.679558,0.634152,0.580562,0.527076,0.47367,0.420338,0.367099,0.31398,0.270124,0.234873,0.182543,0.130342,0.0782614,0.0263267,-0.025411,-0.0770067,-0.128457,-0.179674,-0.230695,-0.281541,-0.332175,-0.382511,-0.419108,-0.445413,-0.494188,-0.542628,-0.590774,-0.638573,-0.656948,-0.68853,-0.734112,-0.779073,-0.797328,-0.817178,-0.859423,-0.900749,-0.919628,-0.925147,-0.963016,-0.999911,-1.02024,-1.01071,-1.0413,-1.07283,-1.10334,-1.13236,-1.15991,-1.16751,-1.14169,-1.16225,-1.18288,-1.20213,-1.21945,-1.23485,-1.24872,-1.26102,-1.27071,-1.27877,-1.28519,-1.28938,-1.29134,-1.29162,-1.29021,-1.28602,-1.28015,-1.27263,-1.26297,-1.25116,-1.2378,-1.22289,-1.20557,-1.21911,-1.2388,-1.21592,-1.19123,-1.16529,-1.13811,-1.1091,-1.07894,-1.05859,-1.07082,-1.04296,-1.00717,-0.972644,-0.974974,-0.94941,-0.908935,-0.867669,-0.856314,-0.832227,-0.787993,-0.743032,-0.71864,-0.69523,-0.647988,-0.600256,-0.552212,-0.506118,-0.483858,-0.442543,-0.392491,-0.342186,-0.291586,-0.2408,-0.192039,-0.162606,-0.117248,-0.0651438,-0.0128923,0.0395382,0.0920799,0.14473,0.197529,0.250442,0.303445,0.356548,0.409777,0.463083,0.516466,0.569951,0.611991,0.655411,0.709442,0.763552,0.810282,0.851142,0.893465,0.937025,0.981547,1.02708,1.07403,1.12583,1.1802,1.22879,1.28283,1.33641,1.38643,1.4421,1.49792,1.55294,1.60436,1.65931,1.71394,1.76654,1.82017,1.87441,1.92924,1.98483,1.95129,1.89609,1.84146,1.78781,1.73481,1.68244,1.63094,1.5759,1.52242,1.47204,1.41633,1.36062,1.30653,1.2578,1.20339,1.15149,1.10435,1.0586,1.01383,0.969997,0.927371,0.874613,0.826391,0.785891,0.747092,0.698458,0.649297,0.612851,0.561969,0.508925,0.455963,0.403135,0.36392,0.325822,0.273783,0.221919,0.170181,0.118573,0.0671733,0.0159438,-0.0351319,-0.0860209,-0.136653,-0.187101,-0.23736,-0.28732,-0.337022,-0.377799,-0.3991,-0.444811,-0.492529,-0.539938,-0.586863,-0.609681,-0.633526,-0.678243,-0.722257,-0.76578,-0.803571,-0.807848,-0.838716,-0.878505,-0.917571,-0.915345,-0.932819,-0.961021,-0.949493,-0.97043,-1.00119,-1.03089,-1.0113,-1.01621,-1.04094,-1.06404,-1.08553,-1.08567,-1.05122,-1.06608,-1.08063,-1.09378,-1.10501,-1.11432,-1.12215,-1.12848,-1.1323,-1.13459,-1.13535,-1.13408,-1.13076,-1.12592,-1.11956,-1.11076,-1.10046,-1.08872,-1.07512,-1.05965,-1.06517,-1.09804,-1.07702,-1.05469,-1.03113,-1.00607,-1.01999,-1.01886,-0.98909,-0.957737,-0.954161,-0.953903,-0.918477,-0.881923,-0.862995,-0.862622,-0.822454,-0.781613,-0.74977,-0.743533,-0.704458,-0.660139,-0.615368,-0.569959,-0.545113,-0.520784,-0.473309,-0.425386,-0.377179,-0.328695,-0.279823,-0.24859,-0.217033,-0.166739,-0.116166,-0.065418,-0.0145001,0.0366538,0.0879829,0.139455,0.191083,0.242907,0.294852,0.346914,0.399138,0.43757,0.477399,0.530371,0.567431,0.612886,0.664328,0.702713,0.752817,0.802227,0.842829,0.885069,0.928303,0.972515,1.01804,1.0647,1.11482,1.17034,1.21915,1.27179,1.32649,1.37651,1.43103,1.48685,1.54267,1.59416,1.64624,1.69898,1.75258,1.80699,1.80699,4
1.45871,1.45487,1.45407,1.45791,1.4211,1.38352,1.38966,1.36608,1.32112,1.27759,1.23095,1.179,1.13493,1.09163,1.03999,0.988383,0.936797,0.885267,0.833762,0.782296,0.730881,0.679492,0.628165,0.57688,0.525631,0.474459,0.427948,0.391076,0.344322,0.293759,0.243309,0.192931,0.142621,0.108264,0.0763644,0.0463627,0.00335257,-0.0432069,-0.0694114,-0.0940837,-0.117151,-0.160721,-0.19925,-0.217785,-0.233933,-0.250884,-0.293899,-0.321434,-0.331169,-0.367487,-0.398752,-0.40278,-0.428818,-0.466598,-0.503389,-0.539682,-0.575346,-0.609984,-0.634326,-0.625347,-0.641201,-0.671733,-0.700739,-0.729042,-0.756369,-0.78223,-0.807353,-0.830954,-0.853315,-0.874865,-0.894241,-0.912709,-0.92979,-0.944967,-0.959173,-0.971334,-0.981983,-0.991542,-0.998488,-1.00436,-1.00851,-1.01054,-1.01148,-1.01009,-1.00716,-1.003,-0.996247,-0.98843,-0.97887,-0.967374,-0.954863,-0.94019,-0.924229,-0.907148,-0.932999,-0.945268,-0.922734,-0.898688,-0.873829,-0.847238,-0.819715,-0.791302,-0.761356,-0.730781,-0.699115,-0.666443,-0.63321,-0.598772,-0.582223,-0.584417,-0.551216,-0.513078,-0.474215,-0.457383,-0.448715,-0.407107,-0.379296,-0.367351,-0.352115,-0.328778,-0.283433,-0.254103,-0.233194,-0.209038,-0.17431,-0.126227,-0.0946838,-0.061493,-0.01225,0.0261797,0.0582637,0.0929562,0.134372,0.185125,0.225257,0.265816,0.317156,0.368545,0.419965,0.471458,0.518832,0.559907,0.609532,0.661428,0.713361,0.765319,0.817293,0.869305,0.921332,0.973381,1.02546,1.07629,1.12069,1.16593,1.21184,1.2591,1.3069,1.35557,1.40518,1.44792,1.44627,1.44521,1.44466,1.49422,1.53071,1.53233,1.53472,1.53753,1.54129,1.5456,1.55042,1.55621,1.56242,1.56936,1.54069,1.50156,1.51076,1.49525,1.45384,1.4138,1.3744,1.33616,1.29907,1.26265,1.22789,1.19399,1.16108,1.11377,1.06417,1.01467,0.965269,0.915931,0.866748,0.817642,0.768633,0.719781,0.671006,0.622384,0.573898,0.525497,0.477322,0.429251,0.381326,0.315418,0.250014,0.202043,0.154244,0.106559,0.0591827,0.0119403,-0.035098,-0.101076,-0.167608,-0.214633,-0.261426,-0.308051,-0.354248,-0.400254,-0.445956,-0.491247,-0.536318,-0.580892,-0.641289,-0.714211,-0.759824,-0.803843,-0.847372,-0.890272,-0.932824,-0.974557,-1.03363,-1.10779,-1.15102,-1.19151,-1.23113,-1.26968,-1.30762,-1.34405,-1.37949,-1.41398,-1.44645,-1.47795,-1.50767,-1.53538,-1.56635,-1.63758,-1.6846,-1.70624,-1.72416,-1.74028,-1.75307,-1.76251,-1.76997,-1.7726,-1.77278,-1.77015,-1.76305,-1.75396,-1.74117,-1.72537,-1.70775,-1.68611,-1.6628,-1.63738,-1.60917,-1.56999,-1.49636,-1.4487,-1.41639,-1.3819,-1.3466,-1.31016,-1.27234,-1.2339,-1.19428,-1.15388,-1.11296,-1.07091,-1.02847,-0.985433,-0.918321,-0.850409,-0.80688,-0.762914,-0.718633,-0.673697,-0.628523,-0.582971,-0.537007,-0.486737,-0.414963,-0.35747,-0.311284,-0.264679,-0.217914,-0.170889,-0.123594,-0.0761598,-0.02844,0.0194421,0.0674654,0.115747,0.164132,0.212689,0.261415,0.310232,0.359241,0.408352,0.45756,0.524164,0.586722,0.635825,0.685054,0.734352,0.783803,0.833329,0.882935,0.93267,0.977853,1.01123,1.05607,1.10542,1.14116,1.17774,1.21528,1.25429,1.29395,1.33483,1.37672,1.41922,1.46312,1.4845,1.47741,1.47123,1.46547,1.46055,1.4563,1.45249,1.44974,1.44746,1.44581,1.44505,1.44473,1.44528,1.44528,1
1.76656,1.76547,1.7456,1.70002,1.65459,1.60775,1.56108,1.51307,1.4681,1.41991,1.37172,1.32354,1.27762,1.23134,1.18324,1.13515,1.08707,1.039,0.992511,0.947817,0.899851,0.8519,0.803964,0.756043,0.708698,0.666123,0.61835,0.570597,0.52287,0.475167,0.427487,0.386835,0.339339,0.291875,0.244448,0.197062,0.149715,0.102408,0.0571814,0.0166597,-0.0303205,-0.0772374,-0.124085,-0.163635,-0.20726,-0.253645,-0.299938,-0.346134,-0.389888,-0.425908,-0.47144,-0.516822,-0.556758,-0.592782,-0.637257,-0.681482,-0.725469,-0.769204,-0.795499,-0.838105,-0.88036,-0.921534,-0.943548,-0.983848,-1.02362,-1.0577,-1.07774,-1.11474,-1.1509,-1.17537,-1.1931,-1.22543,-1.25638,-1.28604,-1.28699,-1.30905,-1.33306,-1.35531,-1.37563,-1.39365,-1.38618,-1.38701,-1.39754,-1.40566,-1.41138,-1.41445,-1.41479,-1.41267,-1.37095,-1.36379,-1.35435,-1.3427,-1.32866,-1.31245,-1.2943,-1.24043,-1.21906,-1.19607,-1.17158,-1.14542,-1.11793,-1.0892,-1.05471,-0.999537,-0.968076,-0.935654,-0.902224,-0.867989,-0.833,-0.79721,-0.760742,-0.723666,-0.685984,-0.647715,-0.608955,-0.569735,-0.530006,-0.489879,-0.449377,-0.408483,-0.367238,-0.325686,-0.283831,-0.241665,-0.199246,-0.156585,-0.113662,-0.0795418,-0.0434407,0.000415227,0.0444576,0.0886604,0.133018,0.177543,0.222205,0.266995,0.309113,0.343593,0.388979,0.43447,0.480066,0.525752,0.571522,0.605679,0.651804,0.697998,0.742503,0.779997,0.818979,0.862779,0.897656,0.933548,0.970424,1.00839,1.04731,1.0566,1.09083,1.1169,1.13761,1.1845,1.22895,1.27519,1.32212,1.36985,1.41586,1.46417,1.51249,1.56081,1.60759,1.6533,1.69973,1.72597,1.75699,1.75677,1.72529,1.6986,1.65171,1.60551,1.55994,1.51502,1.46764,1.42185,1.37362,1.32539,1.27717,1.23156,1.18454,1.14198,1.10027,1.05938,1.01945,0.980474,0.942425,0.905368,0.869446,0.83455,0.791117,0.754714,0.714137,0.672876,0.626718,0.585705,0.546631,0.500899,0.459325,0.422791,0.377569,0.332469,0.287489,0.24263,0.199198,0.168299,0.124136,0.080129,0.0363155,-0.00731974,-0.0507701,-0.0940054,-0.137015,-0.179804,-0.222353,-0.264615,-0.294436,-0.328858,-0.369818,-0.41043,-0.450687,-0.490541,-0.529945,-0.568917,-0.607431,-0.645362,-0.682764,-0.719604,-0.755772,-0.791246,-0.826027,-0.860036,-0.893134,-0.925378,-0.95671,-0.98691,-1.03259,-1.0747,-1.10209,-1.12806,-1.15267,-1.17581,-1.19714,-1.21683,-1.2348,-1.25073,-1.26466,-1.30578,-1.32317,-1.33088,-1.33637,-1.33961,-1.37754,-1.37571,-1.37153,-1.37082,-1.39202,-1.38012,-1.36595,-1.3613,-1.36477,-1.34354,-1.32023,-1.31168,-1.29914,-1.27014,-1.25135,-1.23552,-1.20188,-1.17462,-1.15584,-1.11851,-1.08037,-1.05193,-1.02304,-0.982365,-0.941153,-0.911744,-0.875338,-0.832354,-0.789054,-0.745468,-0.716851,-0.672305,-0.627556,-0.583071,-0.55051,-0.504879,-0.459112,-0.413203,-0.372851,-0.331942,-0.285447,-0.238857,-0.192189,-0.145448,-0.107798,-0.0607195,-0.0135878,0.0335996,0.07716,0.120378,0.167852,0.215366,0.258504,0.30382,0.35155,0.399304,0.447081,0.48915,0.537068,0.585002,0.632951,0.680919,0.7289,0.772601,0.820223,0.868315,0.916417,0.960475,1.00866,1.05684,1.10504,1.15324,1.20145,1.24966,1.29459,1.34286,1.38902,1.43661,1.48493,1.53175,1.5774,1.62528,1.6718,1.71892,1.76242,1.76234,1.76281,2
1.40521,1.39708,1.39012,1.39826,1.39673,1.33831,1.29523,1.3072,1.30005,1.2462,1.21768,1.23358,1.22122,1.17227,1.11442,1.04796,0.993774,0.948447,0.889905,0.824359,0.776449,0.735185,0.675444,0.611051,0.570785,0.534076,0.472585,0.409635,0.347077,0.284556,0.222433,0.165712,0.13694,0.100823,0.0407439,-0.0191404,-0.0785863,-0.137768,-0.196519,-0.254923,-0.312908,-0.349122,-0.365651,-0.405083,-0.459927,-0.514035,-0.567781,-0.620626,-0.67316,-0.685337,-0.688393,-0.731497,-0.779638,-0.826165,-0.870743,-0.861011,-0.856662,-0.897647,-0.938235,-0.977,-1.00006,-0.976334,-0.970762,-1.00305,-1.03425,-1.06379,-1.09196,-1.11857,-1.14349,-1.16698,-1.18846,-1.20868,-1.18005,-1.1292,-1.1265,-1.13903,-1.14865,-1.15767,-1.16345,-1.1689,-1.1708,-1.17244,-1.17062,-1.16835,-1.16291,-1.15676,-1.14774,-1.13777,-1.12524,-1.11155,-1.0956,-1.0783,-1.05906,-1.06975,-1.11207,-1.11589,-1.08928,-1.06082,-1.03128,-0.999806,-0.967515,-0.933229,-0.89837,-0.909939,-0.929755,-0.893526,-0.852541,-0.809526,-0.766374,-0.721474,-0.683272,-0.686327,-0.678189,-0.628517,-0.578448,-0.527383,-0.491502,-0.482904,-0.454412,-0.399568,-0.344223,-0.288381,-0.232018,-0.17527,-0.141899,-0.121224,-0.0726085,-0.0131626,0.0467854,0.106864,0.167443,0.228098,0.289249,0.350102,0.381717,0.41596,0.478916,0.54193,0.605251,0.668649,0.732306,0.78846,0.827249,0.875816,0.94073,0.995839,1.03881,1.09371,1.15964,1.2142,1.26092,1.30951,1.35904,1.41053,1.46271,1.46177,1.44837,1.49685,1.55356,1.61245,1.66957,1.66184,1.65427,1.64824,1.64251,1.63819,1.6343,1.63171,1.62966,1.6288,1.62861,1.62947,1.63114,1.63373,1.63725,1.64157,1.605,1.54219,1.48082,1.42013,1.41269,1.4226,1.37772,1.32136,1.26726,1.21341,1.16216,1.11111,1.06278,1.01233,0.946024,0.883847,0.839281,0.789263,0.723935,0.666986,0.626658,0.576637,0.51254,0.448598,0.384824,0.321244,0.257822,0.213401,0.180345,0.127324,0.0656761,0.00443203,-0.0566922,-0.117331,-0.177879,-0.237846,-0.29776,-0.319984,-0.343954,-0.401094,-0.45811,-0.514317,-0.570311,-0.625486,-0.667799,-0.676929,-0.700864,-0.752061,-0.802631,-0.852351,-0.901259,-0.949346,-0.966197,-0.959468,-0.984427,-1.02702,-1.06803,-1.10841,-1.14688,-1.18484,-1.16826,-1.14284,-1.17,-1.20092,-1.22884,-1.25651,-1.28122,-1.29537,-1.25013,-1.21875,-1.23553,-1.25125,-1.26445,-1.27629,-1.28581,-1.29366,-1.29941,-1.30318,-1.3051,-1.30477,-1.30285,-1.29841,-1.29267,-1.28416,-1.27465,-1.26216,-1.24896,-1.23262,-1.21584,-1.1958,-1.17551,-1.15202,-1.12823,-1.10162,-1.08483,-1.11683,-1.13303,-1.09928,-1.06472,-1.02836,-0.991076,-0.952312,-0.91253,-0.871545,-0.829476,-0.78645,-0.773183,-0.779481,-0.748978,-0.700837,-0.651549,-0.601877,-0.551061,-0.499996,-0.447796,-0.395462,-0.342009,-0.290083,-0.276626,-0.258331,-0.201583,-0.144683,-0.0871091,-0.0293421,0.0289841,0.0875369,0.14655,0.192261,0.218203,0.260879,0.322062,0.383509,0.445175,0.507115,0.569223,0.611943,0.646063,0.702789,0.766445,0.809263,0.848051,0.889896,0.932041,0.977315,1.02281,1.07115,1.11985,1.17103,1.22274,1.27659,1.31242,1.30044,1.31285,1.37127,1.4018,1.39367,1.38641,1.38006,1.37474,1.37019,1.36681,1.36408,1.36264,1.36173,1.36224,1.36315,1.36562,1.36835,1.36835,3
1.73712,1.73679,1.7371,1.68829,1.68464,1.6407,1.58787,1.53718,1.48472,1.43446,1.3825,1.32939,1.27629,1.22319,1.17295,1.1222,1.0692,1.01619,0.9632,0.912741,0.863683,0.810816,0.760229,0.71275,0.660045,0.607359,0.55624,0.511117,0.458646,0.406203,0.354255,0.312106,0.259949,0.207834,0.167063,0.116286,0.0645486,0.0128723,-0.0273599,-0.0756239,-0.126798,-0.177883,-0.217742,-0.262687,-0.313101,-0.363387,-0.403068,-0.44368,-0.493067,-0.542265,-0.591261,-0.631291,-0.664985,-0.712699,-0.760118,-0.800513,-0.826604,-0.872286,-0.912907,-0.931496,-0.974978,-1.01598,-1.02565,-1.06637,-1.1063,-1.14542,-1.14834,-1.18063,-1.21587,-1.24998,-1.24877,-1.26931,-1.29852,-1.29393,-1.30374,-1.32733,-1.31971,-1.31771,-1.33515,-1.35066,-1.33999,-1.32162,-1.33059,-1.33748,-1.32458,-1.28992,-1.29042,-1.28886,-1.28524,-1.27077,-1.2176,-1.20831,-1.19715,-1.18233,-1.1167,-1.1007,-1.08306,-1.06385,-1.04313,-1.02093,-0.997337,-0.972396,-0.910588,-0.871674,-0.843782,-0.814777,-0.784712,-0.753636,-0.721597,-0.688643,-0.654817,-0.620164,-0.584724,-0.548536,-0.511639,-0.474069,-0.435858,-0.397039,-0.357643,-0.3177,-0.277235,-0.236276,-0.194847,-0.152971,-0.11067,-0.0679642,-0.0248675,0.0186001,0.0624152,0.079818,0.121295,0.166528,0.212035,0.257805,0.284158,0.323351,0.370248,0.417352,0.449885,0.487746,0.535782,0.583981,0.621755,0.658593,0.698988,0.728296,0.765511,0.809611,0.842013,0.875722,0.910699,0.946909,0.984315,1.02288,1.05773,1.04947,1.09112,1.13382,1.17754,1.22223,1.26786,1.31998,1.36754,1.41945,1.47244,1.52143,1.5698,1.61894,1.66883,1.71945,1.77078,1.79262,1.79199,1.76534,1.73759,1.71576,1.66446,1.61387,1.56403,1.51355,1.46168,1.41214,1.35909,1.30701,1.25881,1.20654,1.16019,1.11681,1.12463,1.08105,1.0385,1.04599,1.01023,0.970723,0.93236,0.895179,0.859216,0.824508,0.791094,0.759011,0.715702,0.678134,0.649209,0.609758,0.561064,0.523397,0.487746,0.439882,0.40155,0.370248,0.323351,0.276671,0.236939,0.212035,0.166528,0.121295,0.076352,0.0317118,-0.0126098,-0.0565968,-0.100226,-0.143478,-0.186339,-0.228788,-0.270804,-0.312364,-0.353444,-0.394016,-0.434053,-0.473527,-0.512406,-0.550658,-0.588247,-0.625138,-0.661292,-0.696669,-0.751358,-0.807618,-0.841165,-0.873758,-0.905342,-0.935862,-0.965263,-0.993485,-1.02047,-1.05539,-1.11962,-1.14325,-1.16536,-1.18589,-1.20476,-1.22191,-1.23723,-1.3006,-1.31617,-1.3262,-1.33418,-1.34006,-1.38639,-1.40049,-1.39994,-1.39717,-1.39217,-1.38498,-1.37563,-1.39347,-1.40352,-1.38737,-1.36923,-1.37031,-1.37688,-1.3524,-1.32625,-1.31196,-1.31449,-1.28289,-1.24998,-1.22267,-1.22093,-1.18365,-1.14542,-1.1063,-1.06667,-1.05935,-1.01788,-0.974978,-0.931496,-0.887483,-0.86682,-0.826604,-0.780523,-0.734072,-0.704678,-0.664985,-0.616996,-0.568752,-0.52027,-0.482846,-0.44368,-0.394117,-0.344389,-0.294507,-0.251144,-0.212151,-0.161501,-0.110743,-0.0598846,-0.0121462,0.0269699,0.0783807,0.129862,0.181409,0.232349,0.27183,0.32378,0.375778,0.427819,0.479902,0.522653,0.573449,0.625816,0.678211,0.730635,0.776638,0.826464,0.879098,0.931752,0.984424,1.03711,1.08593,1.13498,1.18782,1.24067,1.29354,1.34642,1.3993,1.4522,1.50355,1.55074,1.59873,1.64751,1.69704,1.74205,1.73976,1.73976,2
1.86076,1.85888,1.86012,1.82672,1.77392,1.71979,1.66566,1.61154,1.56098,1.50758,1.45352,1.39946,1.34684,1.29688,1.24291,1.19449,1.14714,1.10071,1.05525,1.01078,0.967332,0.925018,0.872567,0.829139,0.781116,0.734459,0.691842,0.639529,0.587281,0.535103,0.482992,0.43095,0.378981,0.327088,0.275275,0.223555,0.171934,0.120408,0.0689816,0.0176604,-0.0335502,-0.084644,-0.135599,-0.186409,-0.222316,-0.263633,-0.31349,-0.36316,-0.412631,-0.461859,-0.489475,-0.530772,-0.578593,-0.615846,-0.640961,-0.687062,-0.732696,-0.751004,-0.785645,-0.828995,-0.859366,-0.872995,-0.912965,-0.91488,-0.947247,-0.984393,-0.999421,-1.00679,-1.03252,-1.02026,-1.05009,-1.07869,-1.10601,-1.13197,-1.15651,-1.1719,-1.14305,-1.16104,-1.17821,-1.19369,-1.20742,-1.21936,-1.22946,-1.23761,-1.24355,-1.24755,-1.2496,-1.2497,-1.24785,-1.24405,-1.23819,-1.23015,-1.22024,-1.20849,-1.19494,-1.17964,-1.16263,-1.14384,-1.12327,-1.10119,-1.10603,-1.10828,-1.0811,-1.05262,-1.02278,-1.03149,-1.00963,-0.99891,-0.987513,-0.950454,-0.915043,-0.913127,-0.876438,-0.835232,-0.811909,-0.789347,-0.752193,-0.736564,-0.690929,-0.644869,-0.61752,-0.582632,-0.534841,-0.491568,-0.466031,-0.416803,-0.367353,-0.317704,-0.278508,-0.241369,-0.190714,-0.139917,-0.0889622,-0.037881,0.0133177,0.0646278,0.116044,0.16756,0.219172,0.270892,0.322696,0.374581,0.426542,0.478577,0.530681,0.582854,0.635101,0.687408,0.731153,0.776651,0.825688,0.868076,0.92107,0.963746,1.00708,1.05145,1.09681,1.14314,1.19108,1.24495,1.29355,1.34628,1.39747,1.44894,1.503,1.55707,1.61114,1.66521,1.71664,1.76775,1.81957,1.87206,1.92061,1.92024,1.87093,1.81766,1.76506,1.71314,1.66193,1.61114,1.55707,1.503,1.44894,1.39488,1.34266,1.2923,1.23833,1.18437,1.13556,1.08823,1.04185,0.996437,0.950007,0.896963,0.85377,0.811734,0.7622,0.715979,0.671386,0.621463,0.582854,0.530681,0.478577,0.437378,0.393434,0.34187,0.290396,0.239017,0.18776,0.13661,0.0855733,0.034655,-0.0161383,-0.0668,-0.11732,-0.167664,-0.217849,-0.267865,-0.317704,-0.367353,-0.413598,-0.439193,-0.486761,-0.534841,-0.582632,-0.630116,-0.669128,-0.690929,-0.736564,-0.781702,-0.801467,-0.832642,-0.859996,-0.876438,-0.913127,-0.915043,-0.950454,-0.956441,-0.975433,-1.00963,-1.03149,-1.02278,-1.05262,-1.03813,-1.05271,-1.07765,-1.10119,-1.11126,-1.08458,-1.10267,-1.11904,-1.13375,-1.14677,-1.15805,-1.16757,-1.17528,-1.18089,-1.18454,-1.18632,-1.18622,-1.18425,-1.18042,-1.17473,-1.1669,-1.15721,-1.14574,-1.13255,-1.11767,-1.10114,-1.08301,-1.06306,-1.08322,-1.0756,-1.05052,-1.0241,-1.00406,-1.02026,-0.989031,-0.992044,-0.972491,-0.956773,-0.947247,-0.91488,-0.912965,-0.872995,-0.859366,-0.828995,-0.800399,-0.777879,-0.732696,-0.687062,-0.667553,-0.62611,-0.578593,-0.530772,-0.482665,-0.437024,-0.411429,-0.36316,-0.31349,-0.263633,-0.213599,-0.168639,-0.135599,-0.084644,-0.0335502,0.0314478,0.0898945,0.140943,0.192104,0.243371,0.29475,0.346233,0.397807,0.440431,0.482992,0.535103,0.587281,0.639529,0.679604,0.728455,0.774278,0.815281,0.859632,0.912319,0.955717,1.00022,1.04573,1.09222,1.14178,1.19449,1.24291,1.29688,1.35086,1.40166,1.45352,1.50758,1.56165,1.61566,1.66621,1.7175,1.76949,1.82216,1.85711,1.85711,4
1.75489,1.75402,1.74013,1.6926,1.64396,1.59667,1.54768,1.50086,1.45143,1.40201,1.35549,1.30672,1.25736,1.20799,1.16099,1.11355,1.06426,1.01499,0.967161,0.921503,0.872333,0.823174,0.774029,0.726091,0.68178,0.632774,0.583787,0.53482,0.486676,0.444073,0.395296,0.346548,0.297829,0.25743,0.208934,0.160479,0.112066,0.0636989,0.0246047,-0.0228722,-0.0708724,-0.118807,-0.166671,-0.214461,-0.250268,-0.297612,-0.344853,-0.391984,-0.438997,-0.472411,-0.51807,-0.564285,-0.602229,-0.639595,-0.6848,-0.729754,-0.774418,-0.81077,-0.842944,-0.886097,-0.928856,-0.971139,-1.00531,-1.03021,-1.07019,-1.10951,-1.14665,-1.15785,-1.19386,-1.2289,-1.23823,-1.26347,-1.29398,-1.31145,-1.31512,-1.3402,-1.36356,-1.34664,-1.3652,-1.38173,-1.3714,-1.36738,-1.37686,-1.38378,-1.37413,-1.34861,-1.34842,-1.34595,-1.33821,-1.29247,-1.28335,-1.27218,-1.25899,-1.24387,-1.18753,-1.16914,-1.14909,-1.12745,-1.10431,-1.07966,-1.05357,-1.02621,-0.997664,-0.941049,-0.90452,-0.873356,-0.841255,-0.808277,-0.774474,-0.739894,-0.704539,-0.668456,-0.631735,-0.594413,-0.556525,-0.518105,-0.479119,-0.439666,-0.399774,-0.359465,-0.318765,-0.27767,-0.236206,-0.204488,-0.173948,-0.131149,-0.088084,-0.0447369,-0.00115456,0.042651,0.0866685,0.130887,0.175311,0.214855,0.247158,0.2924,0.337789,0.383042,0.413098,0.459158,0.505331,0.540703,0.583586,0.62877,0.663638,0.710728,0.749629,0.792756,0.828262,0.863075,0.898983,0.935953,0.973952,1.01295,1.04795,1.05257,1.09437,1.13705,1.18454,1.22917,1.27761,1.32378,1.37316,1.4199,1.46852,1.51503,1.56374,1.61059,1.6581,1.70624,1.71309,1.75303,1.75345,1.72968,1.71414,1.67628,1.62965,1.58372,1.53657,1.48982,1.44168,1.39258,1.34749,1.29823,1.24898,1.20376,1.15571,1.11326,1.07189,1.03143,1.02051,0.99437,0.956729,0.92021,0.884757,0.850405,0.807416,0.772146,0.738481,0.691572,0.652159,0.612347,0.579323,0.534929,0.488972,0.443134,0.407733,0.368727,0.323562,0.278569,0.233739,0.189078,0.144595,0.100298,0.0758297,0.0323209,-0.0109566,-0.0539906,-0.0967678,-0.139274,-0.181457,-0.223333,-0.264886,-0.306098,-0.346949,-0.387392,-0.427399,-0.466972,-0.506085,-0.544709,-0.582815,-0.620293,-0.657179,-0.693436,-0.729024,-0.763902,-0.797969,-0.831174,-0.878333,-0.927463,-0.9586,-0.988701,-1.01756,-1.04525,-1.07168,-1.0968,-1.15468,-1.18035,-1.20148,-1.22094,-1.23864,-1.25452,-1.30889,-1.32106,-1.3311,-1.33897,-1.37586,-1.38988,-1.39084,-1.38929,-1.40526,-1.42052,-1.41159,-1.40029,-1.38648,-1.38574,-1.39105,-1.37031,-1.34768,-1.35891,-1.33175,-1.30307,-1.27296,-1.26838,-1.23959,-1.20482,-1.16906,-1.14819,-1.12148,-1.08244,-1.04574,-1.02574,-0.984082,-0.941938,-0.917087,-0.876427,-0.832448,-0.788151,-0.753889,-0.715863,-0.670304,-0.624513,-0.583292,-0.54702,-0.500326,-0.453492,-0.406523,-0.362324,-0.324469,-0.276879,-0.229201,-0.181442,-0.133599,-0.0856831,-0.0428266,0.000470741,0.0487706,0.0971215,0.145522,0.190381,0.234116,0.282791,0.331498,0.380238,0.429006,0.477802,0.526623,0.569441,0.617643,0.666643,0.715661,0.764696,0.813748,0.857249,0.906317,0.955496,1.00469,1.05389,1.1031,1.15196,1.19691,1.24621,1.29552,1.34484,1.39417,1.44283,1.48899,1.53659,1.58447,1.63135,1.67801,1.72537,1.75441,1.75342,1.75302,2
1.80248,1.80135,1.80225,1.7593,1.70559,1.65264,1.59835,1.54229,1.48624,1.43102,1.37915,1.32317,1.26721,1.21125,1.15529,1.10321,1.04981,0.993974,0.938145,0.884183,0.83435,0.778675,0.723017,0.675433,0.621178,0.565729,0.510304,0.460422,0.410749,0.355599,0.300486,0.247061,0.203621,0.148876,0.0941878,0.0395568,-0.00466316,-0.0536646,-0.107787,-0.161825,-0.21042,-0.25107,-0.304431,-0.357669,-0.410763,-0.445748,-0.494368,-0.546498,-0.598433,-0.638528,-0.675858,-0.7265,-0.771697,-0.797653,-0.846652,-0.895226,-0.916641,-0.957239,-1.00359,-1.04939,-1.07782,-1.1002,-1.14305,-1.18511,-1.22349,-1.22349,-1.26034,-1.29735,-1.33318,-1.33757,-1.35004,-1.38072,-1.40987,-1.42465,-1.40741,-1.43046,-1.45154,-1.42003,-1.42805,-1.44227,-1.45438,-1.43444,-1.41057,-1.41583,-1.41893,-1.41267,-1.35668,-1.35317,-1.34753,-1.33983,-1.29053,-1.25801,-1.24487,-1.22991,-1.21316,-1.18382,-1.11695,-1.09591,-1.07318,-1.049,-1.02342,-0.996496,-0.939709,-0.886241,-0.85645,-0.825544,-0.793573,-0.760585,-0.726606,-0.691624,-0.655769,-0.619084,-0.581607,-0.543377,-0.485599,-0.420869,-0.381307,-0.341114,-0.300319,-0.258925,-0.216952,-0.174462,-0.131481,-0.0880294,-0.0441294,-0.014794,0.00818816,0.0538887,0.0999494,0.146354,0.193109,0.240189,0.287565,0.335225,0.36521,0.400163,0.437675,0.468791,0.513027,0.540888,0.591079,0.618317,0.64716,0.677541,0.709423,0.742766,0.777531,0.813678,0.834908,0.830229,0.869991,0.911013,0.898822,0.93618,0.980621,1.02617,1.07769,1.12921,1.17966,1.23532,1.29099,1.34617,1.3949,1.45051,1.50633,1.55764,1.6082,1.65958,1.71176,1.74463,1.74217,1.74038,1.73928,1.7389,1.68593,1.67835,1.63828,1.5846,1.5317,1.47764,1.42312,1.37056,1.31459,1.25862,1.20266,1.15197,1.0971,1.04612,0.997724,0.950363,0.927027,0.919745,0.887079,0.892885,0.850777,0.810032,0.819458,0.791757,0.754616,0.718847,0.684491,0.651588,0.620178,0.585955,0.536475,0.508574,0.458165,0.429725,0.385189,0.35361,0.315734,0.280424,0.250034,0.202184,0.15462,0.109373,0.0940168,0.0491851,0.00352595,-0.0417535,-0.0638973,-0.09249,-0.135889,-0.178815,-0.221245,-0.263157,-0.304524,-0.345281,-0.385405,-0.424894,-0.463718,-0.501843,-0.539237,-0.575863,-0.611684,-0.646663,-0.68076,-0.713933,-0.746045,-0.777114,-0.807115,-0.836003,-0.863728,-0.915681,-0.970989,-0.995654,-1.01894,-1.04079,-1.06116,-1.07981,-1.09687,-1.11229,-1.12603,-1.1705,-1.20932,-1.21811,-1.22501,-1.23,-1.23738,-1.29465,-1.29502,-1.29195,-1.28687,-1.27981,-1.30193,-1.32033,-1.307,-1.29178,-1.28293,-1.31365,-1.2922,-1.26896,-1.2441,-1.25407,-1.24285,-1.21263,-1.18107,-1.16318,-1.16259,-1.12646,-1.08928,-1.05105,-1.04836,-1.01432,-0.972557,-0.930065,-0.904886,-0.880812,-0.835561,-0.789773,-0.746863,-0.730027,-0.682059,-0.633705,-0.584994,-0.554449,-0.515233,-0.464976,-0.414461,-0.370431,-0.337847,-0.286143,-0.234253,-0.202216,-0.151926,-0.099112,-0.0461678,-0.00327064,0.0408665,0.0945091,0.148245,0.199492,0.239226,0.293503,0.347851,0.390722,0.442171,0.496934,0.545236,0.593787,0.648884,0.704014,0.757706,0.803346,0.858736,0.914151,0.962323,1.01562,1.07123,1.12686,1.17936,1.23017,1.28595,1.34174,1.39755,1.45336,1.50368,1.55849,1.6108,1.66223,1.71446,1.76745,1.80396,1.80225,1.80225,2
