f0,f1,f2,f3,f4,f5,f6,f7,f8,f9,f10,f11,f12,f13,f14,f15,f16,f17,f18,f19,f20,f21,f22,f23,f24,f25,f26,f27,f28,f29,f30,f31,f32,f33,f34,f35,f36,f37,f38,f39,f40,f41,f42,f43,f44,f45,f46,f47,f48,f49,f50,f51,f52,f53,f54,f55,f56,f57,f58,f59,f60,f61,f62,f63,f64,f65,f66,f67,f68,f69,f70,f71,f72,f73,f74,f75,f76,f77,f78,f79,f80,f81,f82,f83,f84,f85,f86,f87,f88,f89,f90,f91,f92,f93,f94,f95,class
0.502055,0.542163,0.722383,1.42889,2.13652,2.28115,1.93627,1.46889,1.00885,0.380282,-0.29678,-0.513929,-0.255645,-0.107203,-0.287827,-0.418009,-0.319163,-0.260379,-0.350357,-0.505486,-0.710887,-0.82392,-0.899702,-1.15395,-1.22983,-1.04409,-1.20203,-1.39219,-1.13011,-1.17987,-1.64927,-1.72658,-1.60837,-1.6628,-1.65067,-1.69731,-1.8387,-1.8026,-1.78054,-1.82517,-1.64476,-1.42381,-1.39219,-1.36042,-1.20018,-0.918632,-0.685916,-0.667943,-0.512722,-0.101691,0.0639543,0.0826143,0.237607,0.174793,0.123205,0.503394,0.68387,0.474995,0.532797,0.72355,0.66442,0.647936,0.757054,0.732072,0.620215,0.606297,0.67795,0.689084,0.598807,0.542647,0.581807,0.630631,0.66442,0.686318,0.657382,0.650889,0.721738,0.739706,0.691481,0.695229,0.750115,0.853845,0.916019,0.82775,0.880906,1.08883,0.931043,0.610298,0.638894,0.684679,0.583238,0.640522,0.708585,0.705011,0.713815,0.433765,-1
0.147647,0.804668,0.367771,0.243894,0.0266139,-0.274402,0.0967306,-0.747731,-1.60978,-1.17959,-1.05593,-1.12878,-0.686039,-0.798789,-1.71428,-1.64986,-1.0327,-1.42392,-1.78243,-1.02513,-1.79891,-1.79361,-1.08548,-1.57439,-1.03606,-2.13002,-2.03862,-0.0550127,-1.14019,-0.704275,0.0487231,-0.475854,0.525865,0.244778,0.679932,0.928601,0.573041,1.23161,1.04332,1.58023,1.29057,0.750518,0.977567,1.14159,1.5299,0.847682,0.76676,0.565682,1.08463,1.05737,0.503084,0.953288,0.454198,1.19897,0.84972,-0.137715,0.63112,0.694075,0.515071,0.559229,0.555712,0.469694,0.388821,0.343129,0.535598,0.900708,0.656846,0.690033,0.952596,0.54777,-0.167693,0.0115319,-0.176488,-0.277706,-0.224836,-0.910723,-0.0379318,0.0716677,-1.04892,-0.636218,-0.386637,-0.507512,-0.716656,-0.463758,-0.460442,-0.770792,-0.533503,-0.400228,0.176084,1.11177,2.43843,2.73489,1.73605,0.0368566,-1.26507,-0.208024,1
0.316646,0.243199,0.370471,1.06374,1.67819,1.75956,1.69772,1.61216,1.16819,0.499957,-0.0223625,-0.235318,-0.118273,-0.0710274,-0.322986,-0.433562,-0.31866,-0.295655,-0.417733,-0.68248,-0.88184,-0.84332,-0.883652,-1.03002,-1.05527,-1.16864,-1.36399,-1.33761,-1.26129,-1.40978,-1.6345,-1.70324,-1.67702,-1.78263,-1.99687,-2.05637,-1.93788,-1.87941,-1.91543,-1.84551,-1.65814,-1.50948,-1.39343,-1.23287,-1.02435,-0.76864,-0.511294,-0.309564,-0.131962,0.0350541,0.142159,0.225807,0.34369,0.428589,0.469568,0.569782,0.675666,0.699885,0.732561,0.771665,0.738129,0.7237,0.806876,0.878985,0.855791,0.806384,0.792501,0.803814,0.781938,0.700439,0.73596,0.864162,0.70767,0.458756,0.600146,0.825136,0.800034,0.762821,0.755443,0.653766,0.526441,0.477339,0.574946,0.698425,0.722414,0.771598,0.764229,0.610621,0.5529,0.566786,0.604002,0.777068,0.812345,0.748848,0.818042,0.539347,-1
1.16887,2.0759,1.76014,1.60645,1.94905,1.30284,0.459332,0.516412,0.85218,0.989227,0.821253,0.576448,0.743089,0.85297,0.307458,-0.130391,-0.0622,-0.100727,-0.232818,-0.234465,-0.214756,-0.230413,-0.227551,-0.231002,-0.463479,-0.724215,-0.787885,-0.986687,-1.22467,-1.28814,-1.36415,-1.42822,-1.50177,-1.64808,-1.70584,-1.68679,-1.70572,-1.77768,-1.86931,-1.85838,-1.73772,-1.72915,-1.72811,-1.54604,-1.4591,-1.41075,-1.16343,-0.907419,-0.716211,-0.581763,-0.442526,-0.207046,-0.0264627,0.117036,0.220637,0.264315,0.405055,0.464974,0.434163,0.486807,0.439388,0.369611,0.413149,0.397895,0.318764,0.263717,0.288863,0.358244,0.326737,0.229215,0.204418,0.244386,0.262632,0.243885,0.227502,0.245785,0.232959,0.164611,0.171538,0.16669,0.0991414,0.146937,0.133414,0.125294,0.202713,0.186409,0.419006,0.723888,1.32395,2.13649,1.7466,1.47022,1.89351,1.25695,0.800407,0.73154,-1
0.648658,0.752026,2.63623,3.45572,2.11816,0.52062,-0.188627,0.780818,0.933775,0.701402,1.00613,0.395784,-0.369703,-0.738202,-0.729084,-0.90694,-0.870962,-1.06022,-1.19796,-0.981602,-1.2725,-1.28738,-1.2767,-1.5397,-1.34661,-1.53522,-1.76342,-1.68882,-1.80937,-1.86389,-1.99445,-1.88981,-1.92571,-1.83363,-1.66183,-1.34251,-1.01132,-0.672717,-0.216157,0.0528716,0.56209,0.70088,0.946927,1.005,1.02754,1.19166,0.968855,0.844618,0.779492,0.743938,0.673353,0.505276,0.662547,0.607703,0.546105,0.687163,0.543004,0.453148,0.485785,0.440679,0.539153,0.369571,0.377316,0.470113,0.321448,0.325513,0.251259,0.270571,0.277161,0.155171,0.120954,0.326395,0.473952,0.594736,0.698199,0.826781,0.575166,0.401196,0.349966,0.148053,-0.0332063,-0.114266,0.120345,-0.220102,-0.151226,-0.0774447,-0.0978688,-0.136787,-0.340237,-0.0894414,-0.0802973,-0.192584,-0.304704,-0.454556,0.31459,0.58219,1
0.404733,1.28086,2.51515,1.29952,1.45343,0.474275,-1.39656,-0.647081,0.431945,0.132445,-0.406609,0.230566,-0.121353,-0.91864,-1.24677,-1.34837,-1.19028,-1.01127,-2.00392,-1.32704,-0.976034,-1.86362,-1.48769,-1.61614,-1.95756,-1.70066,-1.51848,-1.89758,-2.17717,-1.87279,-1.77529,-1.66816,-1.93334,-1.48961,-1.15073,-1.07816,-0.773723,-0.520221,-0.205253,-0.0266082,0.299054,0.19432,0.701793,0.671891,0.853787,0.676852,0.898916,0.772258,0.649863,0.638816,0.67025,1.03744,0.433053,0.657159,0.529013,0.56207,1.02835,-0.0196865,1.17776,0.847904,0.169432,0.673434,0.635265,0.74822,0.640167,0.591316,0.431681,0.7175,0.595416,0.458488,0.483566,0.655713,0.490794,1.06687,0.929149,0.939026,1.31218,0.580604,0.570959,0.522775,0.446323,0.620682,0.0497134,0.269856,0.418918,-0.0643457,0.376469,0.277811,0.225676,0.159091,0.408354,0.540015,-0.0277912,0.203476,0.346964,0.339185,1
1.20501,2.03186,2.44729,2.73945,2.74589,2.27636,1.52537,0.760597,0.188448,-0.0290515,-0.0495237,-0.209964,-0.37415,-0.248638,-0.0950167,-0.0994792,-0.121416,-0.358549,-0.739135,-0.787652,-0.708941,-0.759756,-0.741058,-0.881707,-1.01891,-0.581383,-0.358993,-0.924218,-1.09481,-0.661364,-0.785124,-1.28816,-1.3345,-1.26779,-1.50214,-1.63997,-1.53396,-1.56686,-1.73099,-1.71967,-1.66849,-1.73551,-1.64729,-1.38756,-1.30961,-1.31965,-1.10039,-0.900458,-0.934342,-0.765193,-0.317504,-0.12712,-0.123939,0.0944179,0.288426,0.261347,0.289732,0.407278,0.436637,0.449308,0.570867,0.711178,0.672708,0.501022,0.504743,0.644095,0.569342,0.406378,0.450226,0.517524,0.502765,0.571933,0.634693,0.649309,0.703081,0.587693,0.355199,0.390963,0.558826,0.611008,0.692575,0.794446,0.896887,1.05148,0.939116,0.555741,0.447311,0.564641,0.4876,0.421003,0.549766,0.505463,0.281844,0.346831,0.526375,0.22789,-1
0.598241,1.09873,1.68353,2.47891,2.80241,2.4387,1.71766,1.00931,0.257351,-0.221559,-0.135582,-0.191269,-0.306972,-0.167641,-0.0980051,-0.0562596,-0.3234,-0.630181,-0.569719,-0.709407,-0.750323,-0.673327,-0.980101,-1.20711,-1.18138,-1.0264,-1.29949,-1.92888,-1.90764,-1.86883,-1.99061,-2.01164,-2.40265,-2.14403,-1.66181,-1.93936,-1.87227,-1.55469,-1.30119,-1.01645,-0.979277,-0.706255,-0.303372,-0.0126463,0.169673,0.0913297,0.25028,0.387265,0.257929,0.429292,0.517512,0.404675,0.511982,0.577329,0.521893,0.552562,0.602139,0.548175,0.413852,0.374041,0.518664,0.551018,0.414777,0.480801,0.595435,0.568737,0.721969,0.843128,0.616826,0.608018,0.7763,0.616821,0.59952,0.688926,0.530727,0.544621,0.65982,0.564855,0.472634,0.454204,0.406493,0.315726,0.155475,0.150124,0.354392,0.378693,0.39463,0.525782,0.279348,-0.0696578,0.027544,0.153025,0.0422319,0.134269,0.29615,0.0629318,-1
0.328008,1.21022,2.59765,2.21078,1.62167,-0.239321,-1.59871,-0.602136,-0.0866034,0.0265814,-0.303049,-0.37246,-0.27913,-0.949471,-0.964086,-0.954861,-1.2033,-1.34014,-1.37151,-1.17388,-1.41896,-1.55924,-1.30844,-1.81237,-1.69913,-1.50419,-2.00163,-1.85744,-1.95432,-1.71671,-2.16755,-1.67488,-1.81456,-1.50736,-0.999704,-1.04991,-0.514848,-0.298347,0.128876,0.379431,0.474602,0.606465,1.03553,0.907604,1.04288,0.919865,1.14083,0.850174,0.786888,1.01581,0.780875,0.801012,0.656214,0.696182,0.6779,0.901509,0.654916,0.814485,0.859142,0.683447,0.640212,0.791779,0.56014,0.633912,0.772007,0.41967,0.6348,0.535775,0.321296,0.482557,0.576306,0.289965,0.689769,0.855599,0.756531,0.860129,0.723878,0.445886,0.520915,0.597103,0.00415821,0.188739,0.358393,-0.169484,0.31336,0.125991,-0.0461152,0.0998015,-0.0528885,0.119056,0.061989,-0.0601222,-0.0309529,0.00111116,0.227718,0.23971,1
1.66821,2.84817,2.51698,2.17277,0.720467,0.725376,1.6386,1.2929,1.60957,1.39503,0.14928,-0.333226,-0.452782,-0.78509,-0.828533,-0.826571,-0.973497,-1.17011,-1.15055,-1.25753,-1.42035,-1.48459,-1.46578,-1.37794,-1.60425,-1.77564,-1.76153,-2.08092,-2.22711,-1.9579,-2.10895,-1.89408,-1.80032,-1.46423,-1.04806,-0.895175,-0.490699,-0.0173168,0.203454,0.278831,0.675024,0.655109,0.680488,0.719077,0.72019,0.656023,0.536043,0.668365,0.686193,0.559046,0.56085,0.659646,0.709409,0.615476,0.631255,0.567415,0.400708,0.457042,0.508303,0.411797,0.400527,0.36189,0.267917,0.321749,0.262688,0.225818,0.256686,0.146507,0.123445,0.105692,0.196015,0.0643464,0.0805978,0.333267,0.292943,0.382613,0.681508,0.6151,0.326993,0.165494,0.0962255,0.0183813,-0.036049,-0.0226878,-0.00613128,-0.0143226,-0.154365,-0.0178053,-0.00750626,0.00536246,-0.0265974,-0.0481921,-0.032347,-0.214054,0.0560309,0.147889,1
0.48223,0.986832,1.44377,2.18643,2.51754,1.87865,1.09269,0.352575,-0.293884,-0.115388,0.320088,0.20484,0.09906,0.229456,0.248233,0.18642,-0.18923,-0.5396,-0.457367,-0.559855,-0.680345,-0.531208,-0.557074,-0.708288,-0.792524,-0.808925,-0.892531,-1.18353,-1.3929,-1.42383,-1.65334,-1.85635,-1.87042,-2.26144,-2.45361,-2.20741,-2.25779,-2.17943,-1.96329,-1.8399,-1.52359,-1.35616,-1.01868,-0.473682,-0.344655,-0.173756,0.204822,0.299043,0.319699,0.589139,0.781993,0.653913,0.648016,0.816553,0.782818,0.770508,0.825533,0.678382,0.537924,0.535947,0.564895,0.554147,0.483415,0.437876,0.404304,0.395755,0.48235,0.517715,0.475986,0.538581,0.630275,0.618145,0.664343,0.864714,1.10879,1.23903,1.08997,0.842227,0.933019,0.893724,0.409134,0.299692,0.358683,0.169552,0.285761,0.321952,0.0331729,0.0068894,-0.0573858,-0.306332,-0.0674105,0.225194,0.0693869,0.058976,0.207199,0.133147,1
0.274827,0.481037,0.919264,1.53861,2.04662,2.24714,1.88133,1.22346,0.581009,-0.0138955,0.0752096,0.324722,-0.0998377,-0.169348,0.00273683,-0.0682187,-0.268853,-0.874514,-0.96354,-0.639269,-0.978178,-1.07228,-0.843348,-1.15844,-1.26101,-1.1862,-1.45521,-1.69296,-1.90151,-1.68184,-1.57098,-2.01638,-2.14185,-2.02696,-1.98968,-1.81548,-2.06736,-2.17498,-1.58971,-1.37257,-1.24776,-0.881251,-0.687248,-0.402124,-0.200596,-0.0715978,0.0316128,0.0803644,0.212874,0.335406,0.477434,0.53827,0.489879,0.517945,0.532206,0.484143,0.489559,0.51086,0.42389,0.495461,0.704774,0.560845,0.43955,0.581828,0.613668,0.637577,0.666343,0.634299,0.650316,0.707494,0.761928,0.755242,0.784698,0.919124,0.960937,0.914546,0.997065,1.02137,0.830716,0.754228,0.739926,0.53292,0.442391,0.506583,0.447827,0.428281,0.437378,0.342219,0.380302,0.368253,0.25368,0.292884,0.298164,0.31718,0.423035,0.261517,1
-0.706305,-0.226181,0.2162,-0.317727,-0.648972,-1.21935,-1.52429,-1.50806,-1.5509,-1.60045,-1.68917,-1.39539,-1.47083,-1.58177,-1.30807,-1.32204,-1.32015,-1.39458,-1.23844,-1.31798,-1.42834,-1.33032,-1.3595,-1.35054,-1.44924,-1.42489,-1.29909,-1.10661,-0.970709,-0.78747,-0.404745,-0.231629,-0.0677586,0.144922,0.422555,0.534026,0.357553,0.528215,0.461757,0.363512,0.313566,-0.0231534,0.242318,-0.00239666,0.00796212,0.0251808,-0.0460411,0.315192,0.218961,0.307664,0.531386,0.417606,0.484821,0.569052,0.704708,0.676668,0.631869,0.806654,0.67985,0.573794,0.691696,0.709515,0.682607,0.606539,0.623936,0.53699,0.793528,1.10809,1.01548,1.17374,0.679257,0.570597,0.482428,0.335324,0.415497,0.263531,0.264926,0.199649,0.229677,0.326401,0.202782,0.181532,0.231926,0.386098,0.265266,0.2469,0.338167,0.120887,0.33197,0.64159,1.53139,3.12484,3.33205,2.65374,1.15538,-0.366819,1
0.987546,2.81329,3.85026,2.37979,1.69981,0.0785763,-0.596671,0.827019,0.871196,0.809909,0.842971,0.605613,0.0890429,-0.592121,-0.640188,-0.583815,-1.02181,-0.872483,-0.97818,-1.08833,-1.06096,-1.23321,-1.39738,-1.42016,-1.28541,-1.61928,-1.67674,-1.5017,-1.6669,-1.85568,-1.92687,-1.52741,-1.61233,-1.66193,-1.22145,-1.03137,-0.562227,-0.140943,-0.0444154,0.407902,0.64344,0.527006,0.963918,1.11731,0.867149,1.1099,0.948222,0.90598,0.809299,0.863013,0.768008,0.578592,0.837274,0.422436,0.559991,0.742465,0.550676,0.525113,0.639248,0.476476,0.39719,0.545133,0.333033,0.366839,0.446472,0.0784668,0.206275,0.334301,0.108234,0.00345383,0.0280806,0.287692,0.241314,0.69449,0.673933,0.491595,0.507064,0.100986,0.255627,-0.0801521,-0.407105,-0.171394,-0.440535,-0.320627,-0.37313,-0.425489,-0.241895,-0.691436,-0.403641,-0.293845,-0.559178,-0.194394,-0.559884,-0.706378,-0.307077,-0.222496,1
0.501123,0.729131,0.83374,1.25577,2.00136,2.50403,2.4542,2.22033,2.12244,1.91652,1.38213,0.735449,0.220855,-0.0488173,0.0588933,0.370642,0.353925,-0.0569396,-0.270149,-0.0302884,0.183926,0.0341464,-0.185519,-0.176941,-0.140886,-0.338274,-0.563279,-0.531839,-0.399028,-0.470855,-0.69888,-0.86422,-0.925439,-0.920406,-0.881778,-0.943237,-1.20158,-1.46953,-1.4964,-1.4125,-1.56781,-1.91209,-1.99724,-1.7389,-1.58181,-1.7166,-1.79796,-1.62961,-1.45098,-1.42784,-1.42343,-1.31242,-1.13255,-0.929641,-0.717966,-0.538653,-0.417016,-0.294519,-0.134178,-0.0297993,-0.0471617,-0.0597064,0.0875748,0.295971,0.357272,0.305298,0.35968,0.536311,0.605986,0.521414,0.492485,0.563844,0.548699,0.459775,0.532104,0.753075,0.846518,0.755136,0.699768,0.736764,0.659629,0.458897,0.424278,0.575147,0.559188,0.353284,0.358016,0.605889,0.710963,0.61971,0.56493,0.556114,0.561819,0.658187,0.639711,0.242618,-1
2.24879,3.53504,2.88827,2.72092,0.86212,0.375577,1.6392,1.28312,1.15707,1.18507,0.595377,-0.0515087,-0.433809,-0.379166,-0.523183,-0.718304,-0.713566,-0.820406,-0.859695,-1.00771,-1.13456,-1.07146,-1.12776,-1.31596,-1.50137,-1.5052,-1.65386,-1.8809,-1.8101,-1.88143,-1.98641,-1.9803,-1.76773,-1.43166,-1.24895,-0.924514,-0.497634,-0.151274,0.196438,0.361457,0.524816,0.781852,0.85575,0.868005,0.826245,0.78078,0.725188,0.651595,0.655501,0.524954,0.568751,0.720056,0.57296,0.500841,0.495356,0.514899,0.516381,0.405982,0.422143,0.410792,0.319472,0.316479,0.307409,0.252302,0.0988172,0.058966,0.141127,0.0744387,0.0105713,0.0180085,0.0603282,-0.00528354,-0.0399928,0.085052,0.232145,0.384849,0.402899,0.393556,0.240326,0.0531038,-0.0154594,-0.195103,-0.192493,-0.349536,-0.434444,-0.23053,-0.279593,-0.39913,-0.356392,-0.251854,-0.317171,-0.351691,-0.252224,-0.275438,-0.291347,-0.205085,1
0.319309,2.0917,3.44378,2.23302,2.30241,0.621608,-0.886665,0.248081,0.498802,-0.0980052,-0.0307658,0.34472,-0.389872,-0.620124,-1.0453,-1.04104,-0.618697,-1.17841,-1.19752,-1.08806,-1.38165,-1.29718,-1.32493,-1.5013,-1.66165,-1.83339,-1.81417,-1.67412,-1.8588,-1.99863,-2.04557,-1.89677,-1.6344,-1.34299,-1.16567,-0.907222,-0.502033,-0.143911,0.203061,0.673864,0.704637,0.636868,1.11666,0.669575,1.1392,1.24329,0.777981,0.936657,0.707134,0.888689,0.920095,0.74581,0.658056,0.405393,0.829663,0.748405,0.580953,0.627084,0.480558,0.565592,0.667878,0.568856,0.450938,0.45858,0.380926,0.349509,0.398791,0.228009,0.142853,0.109838,0.204224,0.10186,0.270169,0.454589,0.689589,0.929534,0.50571,0.363763,0.446993,0.290175,0.0402984,-0.202537,-0.0834463,-0.158635,-0.0425429,-0.193428,-0.160642,-0.207915,-0.165777,-0.186022,-0.184003,-0.0260531,-0.277515,-0.128456,-0.0427318,-0.177172,1
0.630396,2.19198,3.5209,2.73004,2.13894,0.560727,-0.678532,0.737455,1.12845,0.616215,0.957967,0.847469,-0.00429785,-0.490777,-0.536578,-0.75627,-0.862373,-0.922179,-0.917244,-1.03396,-1.08887,-1.10755,-1.17725,-1.33664,-1.56294,-1.44169,-1.525,-1.80713,-1.92847,-1.94968,-1.81981,-1.75796,-1.73167,-1.67488,-1.30196,-1.04016,-0.763873,-0.341045,-0.1628,0.240126,0.312421,0.53647,1.08952,0.832788,0.819006,0.902122,0.791935,0.889632,0.772469,0.746991,0.665403,0.520132,0.701204,0.826426,0.665091,0.423088,0.683467,0.778576,0.364766,0.65741,0.908811,0.72743,0.411639,0.241511,0.415912,0.323878,0.275538,0.204093,0.222548,0.316905,0.0844971,0.353342,0.376529,0.659823,0.816202,0.680127,0.310226,-0.206234,0.0302083,0.0940152,-0.100824,-0.288887,-0.266155,-0.151929,-0.477837,-0.224961,-0.272648,-0.484068,-0.516631,-0.574304,-0.141156,-0.44796,-0.738019,-0.398605,-0.488689,-0.232315,1
1.08808,1.56404,1.36889,1.25016,1.4915,1.68259,1.22695,0.343969,-0.335317,-0.72932,-0.94972,-1.01593,-1.06604,-1.16338,-1.20747,-1.23471,-1.32484,-1.36494,-1.33123,-1.35637,-1.37051,-1.33392,-1.37816,-1.39529,-1.40096,-1.49201,-1.50298,-1.55351,-1.59886,-1.46457,-1.51641,-1.64583,-1.50752,-1.40029,-1.38662,-1.22409,-1.0356,-0.888895,-0.670867,-0.500359,-0.30487,-0.042426,0.0114764,0.101493,0.258398,0.137344,0.103185,0.259428,0.288845,0.375612,0.45706,0.246083,0.167057,0.341072,0.2623,0.220482,0.364962,0.288353,0.288279,0.402727,0.364962,0.431089,0.476954,0.340082,0.48675,0.740876,0.606622,0.645316,0.88256,0.705738,0.560697,0.538151,0.425856,0.596396,0.779363,0.732811,0.623761,0.490632,0.439449,0.254884,0.197504,0.400719,0.249044,0.209621,0.364962,0.129844,0.244322,0.585254,0.547644,1.0933,2.1508,2.38507,1.99387,1.76029,1.26922,0.399103,-1
0.526412,1.0079,1.78989,2.35801,2.30147,2.08702,1.96756,1.51405,0.750454,0.1154,-0.227835,-0.201112,0.00140603,-0.0903934,-0.363489,-0.434952,-0.421636,-0.383902,-0.243696,-0.293304,-0.598978,-0.792398,-0.79441,-0.742233,-0.700615,-0.841459,-1.11155,-1.18931,-1.17208,-1.33219,-1.51256,-1.56042,-1.62948,-1.75363,-1.81529,-1.81719,-1.81836,-1.83073,-1.81006,-1.6991,-1.54577,-1.45667,-1.43655,-1.4095,-1.26182,-0.914411,-0.526573,-0.396444,-0.501467,-0.450288,-0.131466,0.0696857,0.045052,0.124838,0.262945,0.242814,0.309024,0.459185,0.298945,0.0966227,0.321059,0.551178,0.356072,0.195364,0.415277,0.572908,0.411724,0.330657,0.453505,0.458641,0.398823,0.494015,0.607659,0.631894,0.595237,0.532747,0.604438,0.687899,0.546087,0.58014,0.940546,1.01748,0.888709,1.02905,1.03914,0.778874,0.779561,0.851211,0.659556,0.631275,0.830815,0.827094,0.739913,0.824094,0.806939,0.495051,-1
-0.36808,-0.621984,-0.601417,-0.628289,-0.611443,-0.392572,-0.322742,-0.579116,-0.896488,-0.994845,-0.810964,-0.742455,-1.01507,-1.07314,-0.856381,-1.0931,-1.5145,-1.39417,-1.19092,-1.54109,-1.88666,-1.76076,-1.91658,-2.07682,-1.73554,-1.91845,-2.19744,-1.75787,-1.51904,-1.58545,-1.39446,-1.00331,-0.690675,-0.488882,-0.1174,0.25205,0.153349,0.139852,0.550462,0.547318,0.319095,0.508509,0.624497,0.597344,0.614821,0.479705,0.469213,0.639205,0.490667,0.33889,0.511685,0.582977,0.501365,0.445529,0.490311,0.570643,0.549442,0.622683,0.703784,0.707431,0.836581,0.976711,1.04471,1.10052,1.18715,1.28501,1.25041,1.16593,1.02363,0.810853,0.691458,0.569481,0.589417,0.703484,0.682048,0.598104,0.2366,0.113982,0.394924,0.348538,0.389709,0.456544,0.153656,0.181179,0.366464,0.298353,0.556864,0.96894,1.35475,2.19015,2.46548,1.64666,0.921942,0.270196,-0.49064,-0.452513,1
0.0872531,1.25205,1.97067,1.73691,1.39421,-0.280915,-0.361118,0.822504,0.057915,0.0194685,0.218492,-0.688162,-0.935457,-0.990109,-1.08662,-1.15281,-1.24215,-1.29786,-1.31457,-1.35494,-1.47533,-1.49232,-1.5284,-1.69432,-1.78205,-1.79443,-1.87478,-2.02502,-2.01105,-2.01395,-2.16683,-2.09689,-1.84722,-1.75638,-1.53387,-1.14421,-0.803595,-0.430194,-0.122115,0.189429,0.449239,0.510238,0.649123,0.746443,0.655683,0.58777,0.608791,0.660367,0.421513,0.426544,0.604896,0.521824,0.571411,0.583672,0.576117,0.587767,0.633835,0.580232,0.4945,0.455957,0.544738,0.525924,0.382146,0.439767,0.527116,0.501408,0.419536,0.381304,0.4218,0.380758,0.441029,0.550428,0.463714,0.428007,0.725122,0.860052,1.00869,1.02439,0.86486,0.878152,0.690276,0.636795,0.702711,0.555059,0.345636,0.555024,0.740353,0.449523,0.478314,0.568354,0.654379,0.530824,0.64065,0.739179,0.519674,0.64716,1
0.470412,1.17485,2.22148,3.90386,2.788,1.00873,-0.585967,-1.11482,-0.125195,0.117041,0.201799,-0.385986,-0.208467,0.258448,-0.293463,-0.100477,-0.446619,-0.941012,-0.713266,-0.807584,-0.959763,-1.02303,-1.20766,-1.24106,-1.33551,-1.52137,-1.5576,-1.57661,-1.73485,-1.9569,-1.72956,-2.09888,-1.71485,-1.77513,-1.67445,-1.33079,-1.27377,-0.66548,-0.692121,-0.252761,0.0777247,0.0416139,0.475231,0.80392,0.918503,1.10748,0.775805,1.05279,1.01201,0.724438,0.954836,0.638204,0.803213,0.808655,0.350487,0.593081,0.813938,0.638927,0.461929,1.39502,0.240798,0.0589359,0.801723,0.060675,0.563012,0.385234,0.109234,0.470346,0.166416,0.18779,0.431082,0.334082,0.306835,0.809951,1.15222,0.540832,0.905707,0.737032,0.0558536,0.20591,-0.0157368,0.0909747,-0.221593,-0.280455,-0.448351,-0.0410178,0.0372142,-0.191963,-0.331257,-0.0570717,-0.0442187,-0.213007,-0.147139,-0.146029,0.0863431,-0.147795,1
1.35106,2.82535,2.64054,1.2186,-0.0567418,1.19695,0.724682,0.966652,0.549824,-0.988603,-1.08966,-1.37965,-1.4933,-1.53589,-1.60858,-1.79794,-1.87139,-1.80841,-1.96344,-1.86745,-1.97252,-1.974,-1.81186,-1.77609,-1.65848,-1.57909,-1.20896,-0.956518,-0.578932,0.00914074,0.413934,0.796936,1.15327,1.34663,1.5806,1.65791,1.5706,1.43571,1.371,1.18733,0.975159,0.906625,0.806311,0.796966,0.606937,0.644096,0.436388,0.417341,0.397328,0.277748,0.356362,0.223538,0.218878,0.216451,0.226281,0.0517494,0.0574902,0.140594,0.00813046,-0.0133825,0.0426852,0.0620646,-0.0579793,-0.0556618,0.062631,-0.151017,0.0164227,0.0328651,-0.142122,-0.0439547,0.00195022,-0.0232399,-0.0439926,0.0282512,-0.0373402,-0.0111563,0.00411868,0.00623608,0.227291,0.379019,0.405062,0.199519,0.291684,-0.0277994,-0.198685,-0.170738,-0.284463,-0.150614,-0.262004,-0.222424,-0.271783,-0.065168,-0.153994,-0.0995454,-0.0722547,0.015933,-1
0.475276,1.34311,2.78483,2.88777,1.55002,-0.40539,-0.0243682,1.05657,0.764721,1.00031,0.618924,-0.263102,-0.572706,-0.683809,-0.855286,-0.871818,-0.974631,-1.06803,-1.00484,-1.15649,-1.22069,-1.30673,-1.4449,-1.45111,-1.6627,-1.75359,-1.75575,-1.92703,-2.07328,-2.13047,-2.16259,-2.17022,-2.01431,-1.73488,-1.47201,-1.11952,-0.67855,-0.246053,0.172427,0.487516,0.722194,0.878963,0.857697,0.894697,0.930458,0.747758,0.676151,0.71573,0.693776,0.650563,0.656008,0.697374,0.722069,0.744808,0.689101,0.681703,0.705292,0.67209,0.666117,0.606625,0.686618,0.539065,0.474442,0.559845,0.417166,0.433726,0.400791,0.321961,0.349785,0.335431,0.227706,0.19367,0.227422,0.175519,0.347508,0.619782,0.678466,0.567691,0.452235,0.396656,0.219126,0.0424175,0.00889957,0.0359658,-0.0622485,-0.0995318,0.0421604,-0.0518571,-0.0678282,0.0101698,-0.0192636,-0.0579515,-0.0777621,0.0756384,0.0805785,-0.0297831,1
0.669227,0.640163,0.338158,0.285311,-0.131267,-0.288274,-0.337896,-0.777546,-0.724116,-0.708911,-0.900832,-0.926816,-1.20617,-1.20433,-1.29008,-1.49263,-1.46954,-1.62026,-1.96418,-2.14054,-2.23558,-2.19123,-2.41906,-2.38335,-2.33528,-2.40913,-1.72808,-1.50812,-1.1367,-0.596791,-0.425284,0.0491372,0.339335,0.595118,0.814561,0.513472,0.740939,0.826282,0.521639,0.695415,0.641739,0.576786,0.581653,0.627013,0.640052,0.633603,0.451957,0.755078,0.64088,0.525383,0.665785,0.425173,0.569612,0.637768,0.456425,0.181578,0.478949,0.464254,0.371129,0.570901,0.158825,0.522386,0.566842,0.06108,0.474454,0.349332,0.242379,0.60357,0.610547,0.781387,1.0117,0.575415,0.338573,0.603418,0.295541,0.211545,0.418401,0.0885034,0.181717,0.334347,0.0276736,0.294013,0.32949,-0.0306295,0.382431,0.220328,0.210246,0.15923,0.272055,0.410759,1.06216,2.54277,2.19219,1.5475,0.902994,-0.325667,1
1.19493,2.1908,2.44327,2.00079,1.00499,0.182986,0.841614,1.31586,1.08081,1.34897,1.14741,0.31794,-0.395676,-0.522953,-0.588006,-0.730687,-0.810449,-0.896889,-0.968934,-1.16167,-1.22251,-1.28408,-1.47185,-1.66131,-1.94417,-2.0391,-2.18012,-2.41422,-2.44777,-2.44489,-2.29742,-2.10313,-1.87708,-1.53947,-1.1415,-0.812602,-0.495075,-0.175193,0.0749407,0.30021,0.403946,0.464928,0.505997,0.572747,0.516751,0.517256,0.511762,0.446051,0.46327,0.477796,0.506138,0.523076,0.490897,0.553587,0.579404,0.510878,0.576802,0.558578,0.543803,0.545974,0.453105,0.47026,0.515335,0.390924,0.402032,0.399443,0.33478,0.392592,0.282072,0.31199,0.347346,0.351679,0.51549,0.602283,0.651191,0.632617,0.409985,0.368864,0.313569,0.139376,0.0936707,0.0773652,0.125332,0.0604422,0.0830741,0.0549848,0.0619652,0.0866698,0.0656121,0.00322981,0.109534,0.0600008,0.0404531,0.0692183,0.17855,0.456547,1
0.20304,0.462079,0.748368,0.996959,0.998552,0.849494,0.875705,1.00929,0.808067,0.161287,-0.419058,-0.450159,-0.212261,-0.335189,-0.744536,-0.841875,-0.598213,-0.467443,-0.546076,-0.69481,-0.856339,-0.90661,-0.851411,-0.767198,-0.5001,-0.267966,-0.611613,-1.14193,-1.10683,-0.916814,-1.11336,-1.1243,-0.630917,-0.417573,-0.838581,-1.13342,-0.925951,-0.827384,-1.09684,-1.29124,-1.38311,-1.60187,-1.65515,-1.44819,-1.40936,-1.50451,-1.36067,-1.11071,-0.990663,-0.86474,-0.665341,-0.531739,-0.456412,-0.293517,-0.0483346,0.143213,0.268448,0.374486,0.43712,0.520298,0.645955,0.622962,0.475604,0.465321,0.513729,0.435572,0.41167,0.506603,0.434681,0.215097,0.212301,0.386974,0.333856,0.118747,0.199774,0.478254,0.5216,0.411859,0.339257,0.232831,0.252096,0.433155,0.35764,0.178738,0.377372,0.572052,0.498692,0.743126,1.36404,1.98025,2.71252,3.26988,3.0704,2.51602,1.93088,0.884386,-1
0.466793,0.503625,0.788669,0.222936,0.537304,0.0435533,-0.261141,0.803156,-0.139523,-0.612162,-0.324421,-0.167217,-0.210541,-0.957895,-0.0961728,-0.311731,-0.743578,-0.873204,-1.0823,-0.639329,-1.42144,-1.88479,-0.754477,-1.29731,-2.54098,-2.31233,-2.01562,-2.26822,-2.61717,-2.41109,-2.18203,-2.19043,-2.16448,-1.72662,-1.17031,-1.26928,-1.14041,-0.22605,0.298349,0.226856,0.390907,0.715621,0.770041,0.865626,1.08029,1.04457,0.704397,0.849987,1.21782,0.760109,0.465835,0.912083,0.93517,0.634117,0.595641,0.706281,0.912832,0.82768,0.61224,0.954048,0.975613,0.629998,0.539945,0.481733,0.660939,0.785314,0.826052,0.640126,0.277496,0.509115,0.699167,0.744218,0.0336251,0.4707,0.77461,0.279256,0.445182,0.182058,0.689157,0.6244,-0.0977939,0.49746,0.349998,0.349337,0.324933,0.597956,1.00197,0.67441,0.739324,0.540863,0.345834,0.777728,0.248128,0.0042835,0.425194,0.117377,1
0.150584,1.65659,2.70677,2.6687,2.16165,0.453582,-1.12481,-0.0357558,0.71934,0.169201,0.525925,0.644602,-0.0321982,-0.653131,-0.64744,-0.998546,-0.987391,-1.23477,-1.16889,-1.13258,-1.28144,-1.20228,-1.34735,-1.4706,-1.66091,-1.73325,-1.6762,-1.72287,-1.95678,-2.0945,-1.9966,-1.88743,-1.95233,-1.59339,-1.40145,-1.35601,-0.958865,-0.483304,-0.0446253,0.131442,0.348935,0.653455,0.928277,0.903496,0.970486,1.02214,1.07705,0.97307,0.929981,0.849032,0.768822,0.756218,0.656099,0.812487,0.724854,0.606436,0.538831,0.595983,0.76609,0.651961,0.581522,0.509548,0.614527,0.688802,0.390526,0.307013,0.335092,0.424302,0.366496,0.167335,0.412849,0.538341,0.379454,0.544796,0.754139,0.719268,0.502062,0.309883,0.244994,0.187062,0.0227086,-0.190902,-0.0890897,-0.0359842,-0.135617,0.0389208,-0.115213,-0.227579,-0.12843,-0.161932,-0.0142234,-0.10071,0.101912,0.0122879,-0.104105,0.463553,1
-0.157389,0.736981,2.49964,3.05212,1.62803,-0.360935,-1.22696,-0.0902894,0.461344,0.263947,0.372876,0.109549,-0.617033,-1.24059,-0.637597,-1.18673,-1.17885,-1.30216,-0.992057,-1.00438,-1.29351,-1.44867,-1.71588,-1.43173,-1.49908,-1.55864,-1.85676,-2.01509,-1.73491,-1.62648,-1.92189,-2.05778,-1.68677,-1.46458,-1.38675,-1.10508,-0.603252,-0.283816,0.0185298,0.309797,0.610148,1.18901,0.893231,0.984722,1.20003,1.13682,1.13778,1.12401,1.01655,0.950499,1.00636,0.893108,0.65362,0.886464,0.948617,0.543149,0.854796,0.443093,0.359075,1.04327,0.827659,0.299226,0.491369,0.622834,0.244747,0.515459,0.509331,0.257639,0.544484,0.104671,0.304787,0.291241,0.0615054,0.48884,0.481566,0.764005,0.578859,0.65466,0.578801,-0.0576411,0.338954,0.132096,0.0768988,-0.0589804,-0.0767488,-0.0221024,-0.161323,0.0686557,0.192149,-0.0512636,0.0686441,-0.0172557,0.01651,0.14905,-0.026306,0.165461,1
0.656567,2.43946,3.7687,2.50482,2.0811,0.587868,-1.05279,0.0918805,0.992146,0.238737,0.206195,0.554274,-0.48057,-0.608561,-0.631233,-0.75098,-0.91056,-1.17463,-0.952759,-1.174,-1.22485,-1.08808,-1.30264,-1.37793,-1.58765,-1.71718,-1.70417,-1.77363,-1.80517,-1.63355,-1.85053,-1.76696,-1.65004,-1.4334,-1.04557,-0.959109,-0.651085,-0.294918,0.085521,0.377416,0.462329,0.769587,0.908685,1.06545,1.01187,0.883265,1.18717,0.893563,0.728474,0.945163,0.598599,0.556217,0.690094,0.627365,0.595368,0.564385,0.734113,0.638191,0.512452,0.647474,0.757729,0.359196,0.593077,0.573238,0.180394,0.544979,0.330091,0.261312,0.348231,0.158021,0.20835,0.144735,0.304542,0.579237,0.587027,0.423277,0.675164,0.328286,-0.0969436,0.044244,-0.127241,-0.114935,-0.281784,-0.147735,-0.285834,7.02805e-05,-0.390003,-0.472572,-0.107957,-0.427592,-0.370079,-0.356225,-0.427826,-0.379634,-0.357688,-0.0590854,1
1.25714,2.78097,3.28713,2.70035,0.869512,0.754239,1.52127,1.02061,1.033,0.919983,0.00403088,-0.432825,-0.435237,-0.644678,-0.807233,-0.787446,-0.899349,-0.993034,-1.10987,-1.15044,-1.27228,-1.38511,-1.47371,-1.52164,-1.61909,-1.84088,-1.76689,-1.99558,-2.14031,-1.91792,-1.98734,-1.81784,-1.77143,-1.42082,-0.994776,-0.737448,-0.363256,0.0111369,0.376423,0.458037,0.684024,0.781407,0.804198,0.778132,0.865464,0.730732,0.585409,0.655861,0.601652,0.605679,0.536616,0.532578,0.635982,0.530996,0.559496,0.549415,0.500598,0.49217,0.424453,0.46237,0.33621,0.356032,0.435328,0.340443,0.285577,0.233172,0.313454,0.300019,0.177775,0.161567,0.227137,0.151086,0.128967,0.321059,0.559039,0.609618,0.541402,0.395746,0.212633,0.0776019,0.0624302,0.0436066,-0.120174,-0.137507,-0.13823,-0.0978226,-0.35763,-0.235685,-0.123307,-0.224176,-0.226464,-0.207085,-0.101173,-0.313918,-0.168042,0.156678,1
0.188247,0.540119,2.17845,3.49377,2.07533,1.21025,-0.267326,-0.86686,0.283396,0.400121,0.142081,0.0928818,0.182408,-0.690886,-0.814723,-0.950372,-1.11106,-1.19425,-1.13337,-1.18239,-1.29675,-1.34652,-1.40176,-1.5283,-1.676,-1.68177,-1.69402,-1.7276,-2.07503,-1.95269,-1.90906,-2.04734,-1.96498,-1.73815,-1.39491,-1.3244,-0.824399,-0.312985,-0.159017,0.288446,0.484224,0.815936,0.933257,0.869881,1.01636,1.07489,0.980143,0.9465,0.854342,0.735725,0.718694,0.658533,0.68489,0.709243,0.565702,0.558204,0.566667,0.585672,0.583578,0.447691,0.578264,0.525466,0.453057,0.476567,0.355186,0.455719,0.490123,0.383481,0.223964,0.332976,0.413147,0.105509,0.552408,0.798983,0.668818,0.814931,0.577424,0.440115,0.350853,0.18347,0.232933,0.148863,0.0257949,-0.0889375,0.106153,0.230855,0.0785539,0.0593802,0.00142097,0.041702,0.16333,-0.144984,-0.0330695,0.220109,0.0494809,0.12923,1
0.534735,1.15123,2.66537,4.1776,2.9169,1.47884,0.13562,-0.634179,0.375886,0.90808,0.584841,0.273234,0.390298,0.0888831,-0.376842,-0.517161,-0.684669,-0.751204,-0.830141,-0.728014,-0.918787,-1.18697,-0.838731,-0.989576,-1.39745,-1.302,-1.42222,-1.63375,-1.6512,-1.78242,-1.88221,-1.95087,-1.80556,-1.74263,-1.47152,-1.40317,-1.14946,-0.755865,-0.56482,0.0587971,0.0465096,0.0458729,0.481991,0.775385,0.569191,0.913586,0.954689,1.00542,1.03777,0.806074,0.851194,0.823946,0.713108,0.604499,0.722067,0.57987,0.525532,0.496721,0.621045,0.510597,0.64136,0.551105,0.332269,0.773089,0.364507,0.155115,0.600778,0.11596,-0.00522258,0.164812,0.0481566,0.0455318,0.0666507,0.230524,0.603227,0.712387,0.499104,0.273008,0.142047,0.0715766,0.0557455,-0.148938,-0.320406,-0.2032,-0.3765,-0.397015,-0.188552,-0.551047,-0.22709,-0.539829,-0.232078,0.109499,-0.687686,-0.316347,-0.4329,-0.383598,1
2.0413,2.02159,1.9259,2.33436,1.17387,-0.452548,-0.728089,-0.972869,-1.13304,-1.30839,-1.42691,-1.3778,-1.49465,-1.63916,-1.65075,-1.63712,-1.74755,-1.79578,-1.89236,-1.86229,-2.03147,-2.01818,-1.88187,-1.87881,-1.70214,-1.63892,-1.37055,-1.07453,-0.775779,-0.325801,0.105981,0.419841,0.557807,0.661724,0.742045,0.768802,0.887731,0.930613,0.892788,0.825875,0.713234,0.63487,0.581407,0.55861,0.518874,0.546228,0.462774,0.387101,0.498547,0.458499,0.383374,0.462438,0.521283,0.542896,0.704449,0.810869,0.84129,0.852453,0.691083,0.74737,0.792663,0.824892,0.733556,0.542211,0.439892,0.178186,0.0679286,-0.0424758,-0.00679419,0.0150479,-0.0490132,-0.094704,-0.114015,-0.00116154,-0.0838521,-0.0939667,-0.0787489,0.000195998,-0.0877118,-0.0934439,-0.0576982,-0.060419,-0.0572143,-0.11642,-0.0249189,0.0889103,0.115283,0.0666542,0.10396,0.23877,0.306208,0.337572,0.755266,0.867938,0.838234,1.35868,-1
0.585976,1.13718,1.29079,1.33595,1.25723,0.00561282,-0.8532,-0.854085,-0.954448,-0.745703,-0.906647,-1.16931,-1.22781,-1.44567,-1.36414,-1.44574,-1.66227,-1.50507,-1.67681,-1.8241,-1.65141,-1.83075,-1.63894,-1.71257,-1.999,-1.70981,-1.67477,-1.24103,-0.944691,-0.98619,-0.681973,-0.181821,0.041145,0.269653,0.488873,0.508614,0.814403,0.904538,0.841335,0.999117,0.706544,0.649845,0.780873,0.814872,0.873599,0.239488,0.97886,0.848524,0.279156,0.469472,0.553903,0.745721,0.540184,0.667073,0.436755,0.62178,0.443736,0.373401,0.476441,0.386997,0.775283,0.378374,0.136124,0.19337,0.215312,0.688313,0.865137,1.10401,0.531059,0.209863,0.470405,0.134283,0.0515535,0.504619,-0.107748,-0.280931,-0.0979789,-0.0090137,0.0833509,-0.271512,-0.172888,-0.156304,-0.0577805,-0.196808,-0.356545,-0.240176,-0.0281555,-0.250563,0.508021,1.39314,2.43792,2.91006,1.97355,-0.0487118,-1.52729,-0.24102,1
0.999707,2.79117,3.65568,2.47098,1.45942,0.333175,0.550491,1.46791,1.21314,1.08137,0.99656,0.462366,-0.361508,-0.503907,-0.574427,-0.624917,-0.712726,-0.877252,-0.863112,-0.948954,-1.09189,-1.15442,-1.15574,-1.23671,-1.43934,-1.53286,-1.55058,-1.69743,-1.92902,-1.88587,-1.97886,-1.98549,-1.96806,-1.87715,-1.61029,-1.42279,-1.04206,-0.651912,-0.386743,-0.0247395,0.341906,0.530806,0.523899,0.719342,0.837194,0.740333,0.757416,0.708396,0.677103,0.599625,0.529019,0.619078,0.591809,0.50107,0.51124,0.558783,0.440739,0.485031,0.501895,0.460956,0.399881,0.404448,0.406291,0.379171,0.322341,0.282362,0.354853,0.214218,0.187828,0.290846,0.164478,0.109501,0.15207,0.199342,0.299678,0.484954,0.603009,0.60672,0.43018,0.231139,0.227015,0.0515464,-0.107227,-0.09565,-0.157196,-0.196149,-0.110205,-0.198716,-0.218748,-0.225775,-0.288573,-0.160038,-0.242554,-0.310704,-0.264839,-0.254343,1
1.61634,2.09973,1.78791,1.32806,0.759385,0.230356,-0.180722,-0.154546,0.0309063,-0.0751554,-0.336871,-0.236522,0.0174464,0.0310675,-0.119542,-0.426099,-0.787879,-0.833156,-0.699182,-0.786879,-0.918894,-0.849779,-0.821266,-0.942438,-0.958067,-0.907532,-1.00625,-1.12597,-1.22659,-1.37457,-1.3621,-1.29546,-1.46036,-1.61022,-1.62057,-1.69071,-1.72104,-1.68195,-1.69966,-1.64662,-1.53764,-1.51905,-1.4401,-1.23647,-1.07223,-0.960426,-0.828147,-0.626514,-0.387268,-0.252901,-0.159061,0.0257406,0.141073,0.170938,0.308062,0.414243,0.374368,0.422537,0.550831,0.517619,0.41465,0.462296,0.568619,0.544027,0.460279,0.483568,0.533477,0.482406,0.445872,0.457467,0.417931,0.472115,0.627163,0.593036,0.488372,0.571817,0.708162,0.85056,0.992472,0.983142,1.00704,1.21954,1.35476,1.37552,1.45329,1.46616,1.37675,1.39165,1.4369,1.2659,1.14252,1.32692,1.4148,0.807627,0.11649,0.0365146,1
0.294768,0.860932,2.41919,3.45205,2.02063,-0.0190597,-0.993359,-0.106528,0.547136,0.375808,0.472773,0.273775,-0.23721,-0.942335,-0.685031,-0.949116,-1.03954,-1.16897,-1.19134,-0.905924,-1.30469,-1.43668,-1.42869,-1.61209,-1.61789,-1.72723,-1.65431,-1.86475,-2.0437,-1.78816,-1.98431,-2.14265,-1.46075,-1.79785,-1.4781,-1.23093,-0.798221,-0.0232878,-0.470241,0.155809,0.593272,0.793276,0.883526,0.987334,1.13839,0.982324,1.00102,0.831635,0.909989,0.846247,0.645823,0.696775,0.692677,0.818077,0.50116,0.57805,0.641589,0.653127,0.477284,0.492046,0.767128,0.534857,0.428468,0.504432,0.367999,0.270682,0.353918,0.364763,0.16524,0.249505,0.238257,0.341755,0.30404,0.661756,0.934888,0.593108,0.576869,0.478732,0.380422,0.389796,0.0551262,0.048534,0.0237269,0.0184295,0.376029,-0.00497006,-0.161309,0.0817962,0.119864,-0.238851,0.195617,0.0784855,-0.15695,0.16256,-0.0061831,0.567915,1
0.580739,1.09711,1.74406,2.27837,2.38949,2.34842,1.94324,1.27748,0.653414,0.0817477,0.0920103,0.271647,-0.223713,-0.319288,0.157339,0.033267,-0.276605,-0.415469,-0.707699,-0.779877,-0.706351,-0.829265,-0.883124,-0.785551,-0.812183,-1.15963,-1.40247,-1.1439,-1.1506,-1.63026,-1.67755,-1.52174,-1.75071,-1.99093,-2.08629,-2.07317,-1.91157,-1.84446,-1.8267,-1.70475,-1.59249,-1.40816,-1.06722,-0.732399,-0.614048,-0.623655,-0.302552,0.116213,0.0554117,0.0664428,0.423321,0.453231,0.306692,0.359217,0.369607,0.383012,0.471763,0.461104,0.373733,0.29326,0.285705,0.339488,0.362714,0.385747,0.375049,0.329282,0.364943,0.367403,0.358752,0.521625,0.629748,0.637447,0.82012,1.02912,1.07082,1.05057,0.930597,0.713131,0.682231,0.730196,0.604716,0.657913,0.790183,0.596366,0.503304,0.514859,0.362504,0.418912,0.43684,0.230266,0.306667,0.418809,0.283077,0.286669,0.329647,0.147631,1
0.381239,0.63353,1.0023,1.52128,1.86389,1.79277,1.38116,0.856843,0.263863,-0.152809,-0.130364,0.0840599,0.0340761,-0.184608,-0.247187,-0.191867,-0.102361,-0.100792,-0.381365,-0.631364,-0.60607,-0.640478,-0.704216,-0.632491,-0.743845,-0.968846,-0.946654,-0.841907,-0.852625,-0.915115,-1.07063,-1.30261,-1.3943,-1.33162,-1.36423,-1.54471,-1.67707,-1.717,-1.75193,-1.75309,-1.74306,-1.82134,-1.8324,-1.60114,-1.34141,-1.22197,-1.12424,-1.03251,-0.935617,-0.696854,-0.374079,-0.132865,0.0130636,0.137627,0.307352,0.479975,0.581407,0.679171,0.791517,0.81584,0.780383,0.778432,0.812467,0.861415,0.852338,0.787232,0.797925,0.828031,0.805701,0.806734,0.750917,0.709352,0.821091,0.769752,0.597205,0.759761,0.963838,0.875398,0.825096,0.866809,0.852958,0.864248,0.895556,1.01377,1.14537,1.04104,1.05405,1.34948,1.43639,1.30024,0.952968,0.353975,-0.0377927,-0.609374,-1.47407,-1.07001,1
0.314529,1.91235,2.93336,1.57885,1.35176,0.0280892,-1.26329,0.0328579,0.400039,-0.200636,0.0655435,0.20951,-0.695484,-1.00775,-0.942763,-1.12752,-1.09515,-1.0952,-1.29953,-1.45635,-1.34089,-1.26093,-1.54173,-1.69824,-1.65367,-1.68247,-1.86807,-2.01674,-1.94847,-2.06875,-2.13583,-1.98649,-1.54719,-1.68362,-1.50967,-0.868835,-0.802723,-0.328727,-0.135635,0.141024,0.664817,0.51546,0.874945,0.711346,1.01028,0.845868,0.647208,1.17173,0.54904,0.793659,0.785137,0.344674,0.786512,0.485727,0.681135,0.603226,0.625422,0.550967,0.557884,0.593271,0.636213,0.840508,0.361898,0.444992,0.736808,0.336869,0.552444,0.371122,0.370655,0.68026,0.0814674,0.455357,0.449911,0.435185,1.0397,0.634676,0.941947,1.0765,0.403022,0.503103,0.403195,0.18812,0.142613,0.206869,0.169846,0.179122,0.472745,0.215955,-0.00156062,0.261008,0.332005,0.195808,0.276233,0.399616,0.368979,0.33294,1
0.31422,0.781063,1.20497,1.5347,1.87733,2.15821,2.10297,1.67791,1.16868,0.689539,0.162957,-0.225868,-0.264981,-0.178537,-0.217148,-0.239102,-0.0951477,0.0671831,0.0447387,-0.192398,-0.52252,-0.752712,-0.763373,-0.67794,-0.707995,-0.837763,-0.897014,-0.895675,-0.962645,-1.0852,-1.17868,-1.23814,-1.31166,-1.4526,-1.64131,-1.78484,-1.87235,-1.89066,-1.77878,-1.7102,-1.84135,-1.8898,-1.72575,-1.65448,-1.61721,-1.33326,-1.07111,-1.05326,-0.945704,-0.648093,-0.463952,-0.440294,-0.378012,-0.179738,0.0680416,0.169771,0.132361,0.205407,0.399161,0.49643,0.51252,0.561053,0.603125,0.656522,0.744281,0.743819,0.668794,0.675577,0.723648,0.722218,0.772175,0.887188,0.887147,0.776451,0.762927,0.811546,0.68923,0.483,0.536884,0.829341,0.965383,0.89003,0.907131,0.952087,0.781164,0.640191,0.719623,0.692818,0.538907,0.612083,0.736077,0.571199,0.446568,0.671549,0.787982,0.401365,-1
0.651739,1.23703,2.10945,1.43244,0.786701,-0.45946,-0.363299,-0.557523,-1.19593,-0.82497,-0.786169,-1.22869,-1.32057,-1.38309,-1.31371,-1.3089,-1.49524,-1.66452,-1.65805,-1.80507,-1.91273,-2.32945,-2.50953,-2.43654,-2.25226,-2.6019,-1.77421,-1.66807,-1.55991,-0.660483,-0.873727,-0.348511,-0.0699742,-0.152279,-0.10986,0.328014,0.211902,-0.00741856,0.387763,0.140098,0.210246,0.322632,0.445219,0.38708,0.47891,0.62107,0.579216,0.69961,0.916708,0.690361,0.788676,0.876302,0.831145,0.7984,0.748929,0.550549,0.563236,0.981232,0.460657,0.624396,0.62939,0.649974,0.37188,0.69082,0.509775,0.578655,0.449036,0.501704,0.551465,0.518478,0.471359,0.590859,0.525476,0.567098,0.60085,0.59997,0.371928,0.779513,0.813213,0.817173,0.857185,0.578414,0.795802,0.398162,0.466576,0.517412,0.351071,0.339648,0.277546,0.669928,0.391671,0.506676,-0.102576,0.292573,0.453942,0.389685,-1
0.535811,0.600766,2.11589,3.34807,2.04515,1.44159,0.104841,-0.0935785,1.08062,0.994246,0.995553,0.879824,0.728638,-0.359327,-0.864894,-0.70355,-0.893322,-0.999625,-1.08954,-1.07145,-1.08006,-1.33386,-1.37463,-1.49824,-1.51017,-1.58268,-1.82171,-1.69171,-1.82942,-1.86676,-1.96271,-1.93138,-1.73721,-1.87442,-1.65833,-1.20634,-0.988438,-0.673827,-0.313513,0.0481311,0.368848,0.563136,0.718508,0.900085,1.04793,1.04296,0.899534,1.02793,1.02637,0.912642,0.623885,0.775808,0.900553,0.516073,0.84117,0.577783,0.534023,0.801157,0.686922,0.580871,0.497626,0.450199,0.52066,0.454953,0.387165,0.304805,0.214457,0.202285,0.247644,0.222965,-0.0400424,0.210307,0.100109,0.510428,0.572686,0.485021,1.16816,0.749385,0.0449448,-0.0666754,-0.0840656,-0.044295,-0.216877,-0.190607,-0.155799,-0.345129,-0.162159,-0.0470131,-0.439402,-0.334676,-0.188285,-0.255894,-0.1522,-0.244333,-0.348112,-0.282857,1
1.46842,3.25395,3.59951,2.39338,0.417377,1.07145,1.68586,1.57294,1.70888,1.03208,0.0530741,-0.508398,-0.472314,-0.705524,-0.78626,-0.943165,-1.06337,-1.16825,-1.15586,-1.29212,-1.41911,-1.48504,-1.62737,-1.80207,-1.87033,-1.97278,-2.07367,-2.05459,-1.92356,-1.76105,-1.56448,-1.17344,-0.646372,-0.299169,0.0338665,0.438565,0.557417,0.836841,0.862192,0.863323,0.733738,0.742864,0.712557,0.567989,0.553297,0.639709,0.53078,0.521321,0.487523,0.424753,0.2927,0.414963,0.369652,0.151756,0.189992,0.200833,0.0972096,0.037614,0.112539,0.0332377,-0.0236732,0.050144,0.0209563,-0.0950826,-0.0399613,0.0396533,0.0302513,-0.130156,0.115556,-0.0142366,-0.120208,0.0704853,-0.013129,-0.0635346,-0.0600689,0.201599,0.125605,0.359618,0.486128,0.223192,0.234493,0.282427,-0.135807,-0.187279,-0.109474,-0.205035,-0.116034,-0.17146,-0.153983,-0.258515,-0.0874358,-0.068081,-0.10364,-0.102454,-0.0215309,0.144794,-1
1.45087,2.55708,1.99188,1.4861,1.7355,1.33838,0.262754,-0.114868,0.197428,0.421806,0.585329,0.623723,0.453771,0.546749,0.547094,-0.025421,-0.399221,-0.364819,-0.447042,-0.49995,-0.514123,-0.69395,-0.804285,-0.718445,-0.638976,-0.724372,-0.885476,-0.929015,-0.866212,-0.874173,-0.969632,-1.01348,-1.05345,-1.14755,-1.15705,-1.13785,-1.21499,-1.27897,-1.30871,-1.32698,-1.30122,-1.30094,-1.31345,-1.34991,-1.4159,-1.38288,-1.41704,-1.45387,-1.13055,-0.843308,-0.79132,-0.514349,-0.225933,-0.138256,0.0879442,0.369545,0.475822,0.40274,0.222811,0.159023,0.233517,0.291038,0.316314,0.269567,0.186631,0.189423,0.204362,0.157626,0.111633,0.0780613,0.0375051,-0.00819119,0.0101551,0.093522,0.0422157,-0.0569045,0.0430265,0.156749,0.152833,0.144857,0.104502,0.126061,0.201156,0.175099,0.191254,0.217653,0.260972,0.582076,1.08488,1.85213,2.74589,2.8192,2.26133,2.14538,1.85956,0.490487,-1
0.993111,2.70484,3.47334,2.21267,0.453295,0.0477933,0.95956,1.19306,1.00746,0.991321,0.5782,-0.0197527,-0.489654,-0.442287,-0.58496,-0.444358,-0.366818,-0.4038,-0.61566,-0.833792,-1.025,-1.20127,-1.37628,-1.41322,-1.48781,-1.7931,-1.85467,-2.07368,-2.08693,-2.00742,-2.15247,-2.0921,-2.03116,-1.88333,-1.57259,-1.30586,-1.00205,-0.533022,-0.100672,0.101656,0.424033,0.652138,0.771691,0.914393,0.804322,0.801273,0.690833,0.610211,0.709127,0.650989,0.625841,0.635027,0.62785,0.677019,0.740587,0.765685,0.757479,0.631371,0.550383,0.570193,0.473032,0.382745,0.399184,0.338218,0.251626,0.236818,0.210198,0.199779,0.195382,0.155632,0.186727,0.15264,0.0583208,0.146039,0.343305,0.441687,0.639618,0.643398,0.449768,0.415496,0.240838,0.113124,0.0428592,-0.116445,-0.0895431,-0.0642828,-0.132432,-0.165348,-0.123085,-0.266838,-0.312811,-0.198565,-0.119954,-0.0769793,-0.145416,-0.0377783,1
0.123776,2.43346,2.76238,2.39596,2.14126,-0.418299,0.516945,0.34634,-0.0240687,0.597819,-0.410353,-1.37118,-1.26267,-1.34107,-1.43935,-1.70228,-1.53474,-1.58679,-1.76845,-1.78124,-2.02522,-2.00393,-2.20331,-2.28823,-2.10565,-2.18166,-1.8756,-1.71908,-1.43091,-0.842212,-0.602683,-0.271674,0.0432123,0.428435,0.419076,0.509863,0.737115,0.651385,0.507532,0.548402,0.485307,0.4425,0.419503,0.420993,0.444222,0.491484,0.349825,0.444926,0.305438,0.319884,0.341943,0.210741,0.191346,0.356776,0.142627,0.193752,0.305624,0.0818762,0.126664,0.0941162,0.143801,0.0341759,0.142787,0.0691149,0.22675,0.0410436,0.203274,0.146435,0.0969211,0.322415,0.0394811,0.281124,0.186553,0.527559,0.309477,0.221191,0.40176,0.761485,0.844027,0.99665,1.02123,0.90252,0.602007,0.471993,0.456481,0.183616,0.217499,0.303166,0.276812,0.228109,0.415092,0.398517,0.137663,0.263634,0.595896,0.387885,-1
1.81484,3.11684,2.70934,2.28935,0.7468,0.343306,1.38518,1.22835,1.20516,1.36296,0.728784,0.162957,-0.00805533,-0.223218,-0.43116,-0.483521,-0.546708,-0.856963,-0.95103,-0.939789,-1.07261,-1.36012,-1.34139,-1.40507,-1.71543,-1.75942,-1.88443,-1.95001,-2.18312,-2.17795,-2.15254,-2.09636,-2.05105,-1.8027,-1.46755,-1.22329,-0.786041,-0.388688,-0.070864,0.158719,0.396153,0.60076,0.509872,0.569906,0.682466,0.52126,0.429604,0.360433,0.389696,0.420907,0.38013,0.36077,0.319334,0.396438,0.382826,0.404842,0.587671,0.595002,0.352839,0.594571,0.526926,0.508655,0.542735,0.378608,0.440052,0.331239,0.313595,0.446669,0.430362,0.186321,0.217954,0.162798,0.22911,0.293589,0.393691,0.55408,0.27941,0.282955,0.0738711,-0.179604,0.0206083,-0.151769,-0.02924,-0.0960536,-0.078538,0.166778,0.00434392,-0.217328,0.0943262,0.100213,-0.150288,0.0294106,0.0878039,-0.00242227,0.266747,0.363398,1
1.16856,1.85634,2.15454,2.32183,1.91644,1.21488,0.526824,0.309189,0.617798,0.765451,0.692024,0.831575,0.858531,0.378713,-0.218829,-0.5476,-0.57829,-0.570362,-0.826426,-1.04182,-0.798971,-0.793394,-1.1716,-1.21511,-1.30548,-1.51373,-1.45584,-1.62076,-1.81205,-1.76402,-2.06277,-2.28591,-2.10824,-2.12249,-2.11315,-1.93697,-1.79607,-1.51806,-1.417,-1.2032,-0.484195,-0.246992,-0.21486,0.178004,0.153266,0.346523,0.560216,0.431738,0.432928,0.31104,0.465111,0.808429,0.759777,0.550315,0.488852,0.724133,0.750933,0.631006,0.71782,0.619235,0.476297,0.62541,0.647159,0.533587,0.771027,0.808478,0.450944,0.575423,0.704517,0.606221,0.732631,0.614792,0.783284,0.902879,0.581695,0.648031,0.722864,0.544062,0.278447,0.116751,0.126455,0.158567,0.269659,-0.0180075,0.013914,0.202452,-0.178015,-0.0473744,-0.0900933,-0.30913,-0.0287134,0.00104015,-0.0314501,-0.0231173,-0.00961707,0.0411132,1
2.11305,3.23905,2.55764,2.31567,1.00332,0.849663,1.63193,1.42428,1.31585,0.999244,0.207811,-0.421037,-0.465033,-0.604891,-0.647729,-0.818378,-0.900497,-0.89676,-0.944607,-1.08359,-1.20334,-1.22501,-1.32774,-1.52907,-1.6049,-1.67013,-1.88303,-1.91345,-1.9652,-2.06136,-2.01393,-1.98667,-1.79227,-1.58007,-1.32905,-0.896518,-0.552376,-0.260075,0.0514936,0.334322,0.527007,0.639822,0.728949,0.742356,0.696896,0.706787,0.618816,0.593083,0.608751,0.56288,0.60347,0.537847,0.518123,0.596297,0.524329,0.506741,0.501232,0.481598,0.477131,0.364484,0.429063,0.418002,0.333077,0.283469,0.263046,0.249608,0.160969,0.194264,0.163298,0.178847,0.0768098,0.06274,0.281737,0.440489,0.478799,0.507196,0.355084,0.169249,0.110467,0.0215287,-0.0857916,-0.130286,-0.116269,-0.180071,-0.16632,-0.142372,-0.112304,-0.0833572,-0.158901,-0.062689,-0.0579538,-0.153719,-0.102232,-0.110919,0.169336,0.312892,1
-0.194413,-1.10071,-1.32159,-0.814883,-0.340717,-0.384211,-0.623498,-0.642207,-0.552565,-0.583749,-0.674144,-0.708573,-0.734201,-0.767112,-0.740692,-0.697008,-0.73889,-0.845948,-0.900547,-0.889651,-0.883279,-0.929328,-1.01308,-1.11514,-1.21421,-1.28021,-1.29054,-1.29888,-1.40815,-1.59173,-1.68423,-1.61911,-1.55785,-1.61482,-1.68669,-1.64876,-1.55263,-1.45989,-1.31876,-1.12413,-0.983476,-0.917105,-0.76622,-0.435796,-0.0623355,0.147459,0.208854,0.299073,0.481501,0.617838,0.652011,0.700569,0.82487,0.921536,0.972881,1.07925,1.17972,1.10435,0.922914,0.868815,0.927042,0.926717,0.883433,0.899891,0.899925,0.844286,0.87548,0.984582,0.911212,0.64469,0.546242,0.748807,0.9048,0.764747,0.567094,0.631149,0.913686,1.15998,1.24999,1.25807,1.29378,1.35024,1.30111,1.08828,0.866833,0.81278,0.854549,0.81905,0.764978,0.876103,1.0859,1.14472,1.02198,0.929827,0.963879,1.01416,-1
0.730594,0.954654,2.7894,3.23442,2.15062,0.907088,0.410946,0.842519,0.990185,0.915881,0.609151,0.250794,-0.427757,-0.731497,-0.675761,-0.926155,-0.943126,-0.998039,-1.02547,-1.10941,-1.27076,-1.18019,-1.41327,-1.52899,-1.47115,-1.6988,-1.66173,-1.74571,-1.94726,-1.93751,-2.09739,-2.09535,-1.85539,-1.84609,-1.77792,-1.20258,-0.752342,-0.499884,-0.0376126,0.319367,0.616181,0.749582,0.874241,1.00463,0.894854,0.981497,0.894023,0.691729,0.647982,0.588246,0.668331,0.664252,0.526417,0.54798,0.62125,0.560692,0.495618,0.486453,0.642696,0.512143,0.399217,0.501855,0.449001,0.358821,0.363205,0.361634,0.20058,0.25663,0.354956,0.163413,0.226438,0.14211,0.0518163,0.339309,0.245073,0.537029,0.807131,0.636963,0.542416,0.363558,0.380208,0.0909053,-0.0602126,0.0669603,-0.155982,-0.209738,-0.0265539,-0.22865,-0.261063,-0.160655,-0.104914,-0.161476,-0.202607,-0.126518,-0.117099,0.0589519,1
0.594014,1.15372,2.60517,3.19659,2.06191,0.193309,-0.392157,0.774762,0.744117,0.528286,0.606956,0.0757585,-0.162629,-0.757705,-0.826688,-0.904668,-0.864897,-0.927234,-1.08224,-1.01791,-1.01569,-1.21613,-1.35574,-1.36053,-1.50266,-1.67892,-1.74396,-1.81766,-1.96483,-1.99143,-2.14551,-2.09266,-1.88763,-1.92632,-1.70723,-1.42081,-1.24553,-0.888396,-0.477758,-0.0990443,0.188987,0.456596,0.683889,0.900098,0.941011,0.949475,0.998933,0.948975,0.827443,0.781734,0.711888,0.648238,0.692625,0.564808,0.4946,0.65126,0.586893,0.392719,0.468093,0.596189,0.483425,0.523066,0.513754,0.433781,0.336615,0.314485,0.416242,0.279718,0.214004,0.266618,0.434743,0.155392,0.212005,0.61498,0.716768,0.873424,0.757275,0.519542,0.546031,0.352201,0.249656,0.196938,0.0916541,0.210488,-0.0152564,0.0953815,0.122058,-0.0288345,0.0591622,0.0637798,0.0625183,0.0508706,-0.00398984,0.0545306,0.171639,0.110857,1
2.03943,1.88323,1.90933,2.47153,1.11814,0.0444385,0.0237822,-0.185463,-0.841229,-1.21084,-1.16496,-1.33057,-1.45054,-1.62144,-1.52855,-1.65648,-1.84993,-1.44444,-1.81815,-1.75751,-1.55002,-2.04862,-2.06742,-1.75144,-1.88991,-1.94017,-1.3924,-1.27652,-0.96958,-0.813537,-0.534089,0.186498,0.188915,0.527859,1.01655,0.986959,1.03813,0.905065,0.773151,1.17051,0.529109,0.657068,0.678129,0.51791,0.541655,0.470908,0.467938,0.599133,0.473879,0.502906,0.659816,0.384133,0.682185,0.756045,0.614358,0.985293,1.05812,0.851574,0.538741,0.902495,0.98809,0.654687,0.583841,0.220251,0.167729,-0.00784765,0.0473741,-0.131766,-0.0607879,0.0771602,-0.290657,-0.0964762,-0.175595,-0.176838,-0.261485,-0.301702,-0.157694,-0.161055,-0.27518,-0.376187,-0.107325,-0.0646796,-0.205236,-0.0876773,-0.0863796,-0.0888057,0.0904966,0.0581454,0.000351121,0.268411,0.559959,0.527454,0.510002,0.677047,1.24865,1.37261,-1
0.467379,0.340104,0.35139,0.809889,1.29343,1.73353,2.16289,2.14149,1.66151,1.12064,0.457838,-0.178024,-0.225247,0.0325086,-0.116866,-0.414915,-0.356389,-0.250987,-0.367157,-0.338775,-0.0818562,-0.121028,-0.587055,-0.886921,-0.773198,-0.703166,-0.870181,-0.989216,-1.03162,-1.19071,-1.35047,-1.31532,-1.20739,-1.19922,-1.2519,-1.38063,-1.67701,-1.91316,-1.80408,-1.63857,-1.80263,-1.99675,-1.81684,-1.51279,-1.46386,-1.55936,-1.52392,-1.337,-1.11014,-0.899239,-0.735299,-0.621155,-0.45902,-0.192457,0.0548176,0.204284,0.323991,0.41063,0.451746,0.554104,0.711787,0.779127,0.763863,0.777732,0.81778,0.85281,0.868781,0.821223,0.774484,0.81833,0.839643,0.788101,0.829259,0.906106,0.789857,0.592192,0.51037,0.488054,0.5552,0.762944,0.909346,0.96188,1.03303,0.895241,0.543037,0.484042,0.676633,0.594916,0.454012,0.721753,0.98346,0.751507,0.497685,0.719879,0.911419,0.493871,-1
0.642756,1.96522,2.90476,2.33934,0.791561,0.159175,0.925278,1.23148,1.18133,1.36989,0.870524,-0.172457,-0.713747,-0.667879,-0.881542,-0.880561,-0.936768,-1.04156,-1.17118,-1.08591,-1.12488,-1.31861,-1.45012,-1.45736,-1.47858,-1.67539,-1.72901,-2.00201,-2.05637,-2.09992,-2.14689,-2.02283,-2.00715,-2.00738,-1.59967,-1.24771,-1.03425,-0.585009,-0.238004,0.0487852,0.273578,0.418827,0.642749,0.683998,0.703198,0.782729,0.75176,0.638802,0.584324,0.669182,0.635407,0.592671,0.629516,0.635886,0.599912,0.517038,0.620388,0.548166,0.590899,0.487099,0.511828,0.512808,0.415238,0.387681,0.320561,0.444728,0.349564,0.353822,0.468677,0.330199,0.405493,0.427922,0.410801,0.589427,0.767845,0.863617,0.620728,0.526104,0.439766,0.13778,0.1135,0.108937,0.130495,0.0612478,0.0785853,0.0778288,0.0799854,-0.109072,0.0658456,0.108187,-0.0473698,-0.0981713,-0.0212786,0.0926902,0.120691,0.349829,1
0.50691,1.63703,3.15476,1.74028,1.81244,0.617191,-1.38489,-0.25467,0.50182,0.153058,-0.075267,0.108837,-0.200015,-0.71552,-0.944383,-0.796281,-0.972951,-1.10587,-1.13038,-1.36378,-1.18106,-1.35029,-1.6052,-1.49069,-1.63885,-1.70283,-1.97612,-1.95011,-1.86054,-2.34278,-1.98238,-1.58322,-1.84705,-1.682,-1.46083,-1.29769,-0.557929,-0.380967,-0.311404,0.353159,0.315048,0.626217,1.01976,0.813187,1.03383,1.02552,1.03244,1.17875,0.744393,0.817441,0.880877,0.578457,0.788427,0.63661,0.412396,0.618239,0.641904,0.640074,0.489121,0.412012,0.676677,0.523894,0.49947,0.340449,0.36467,0.542176,0.378362,0.460301,0.230097,0.494266,0.334797,0.159809,0.672937,0.775015,0.978585,0.820892,0.557293,0.699782,0.505129,0.306678,0.171121,0.115847,0.131455,0.161026,0.00997874,0.108658,0.0489301,-0.0143515,0.0318555,0.139211,0.178265,-0.104423,0.101325,0.211062,0.0414655,0.203029,1
0.595919,1.31372,2.7465,4.19914,2.71991,1.7152,0.159299,-0.562745,0.938416,1.01809,0.696942,0.759857,0.747063,0.0254094,-0.397479,-0.6926,-0.672638,-0.705927,-0.836984,-0.854103,-1.04163,-0.971792,-1.1959,-1.43855,-1.27234,-1.46333,-1.54242,-1.56708,-1.76165,-1.84282,-1.63668,-1.79201,-1.81384,-1.5141,-1.49835,-1.28344,-1.00927,-0.634078,-0.218755,-0.0636734,0.18071,0.402283,0.683229,0.59287,0.940033,0.980852,0.773889,0.875221,0.778366,0.795989,0.683235,0.542142,0.640592,0.509226,0.499289,0.553528,0.475935,0.606633,0.540559,0.523086,0.346626,0.42163,0.398216,0.267463,0.360361,0.297933,0.21546,0.112823,0.23442,0.0649024,0.0860054,0.115293,0.40376,0.646511,0.534309,0.573515,0.353029,0.26354,0.0920579,-0.171753,-0.160702,-0.249407,-0.123601,-0.419083,-0.320224,-0.225638,-0.417177,-0.296454,-0.429341,-0.372864,-0.386887,-0.530917,-0.382052,-0.459819,-0.476622,-0.29427,1
1.22151,3.52158,3.62761,3.07699,2.0357,-0.135928,1.22643,0.744046,0.209379,0.65521,-0.210367,-0.827435,-1.02514,-1.10133,-1.02298,-1.46272,-1.43674,-1.41142,-1.67309,-1.86987,-1.99644,-2.11509,-2.19801,-2.05302,-2.0658,-1.75718,-1.65564,-0.878543,-0.755729,-0.516653,0.0998582,0.0777201,0.415926,0.424195,0.693219,0.678142,0.478812,0.621658,0.581214,0.249882,0.413742,0.349244,0.344861,0.292181,0.413688,0.0912954,0.481297,0.191839,0.324765,-0.0540561,0.262747,0.123523,0.0293161,0.0400236,0.154092,0.140857,-0.126253,0.00626331,0.109657,0.0314233,-0.032845,-0.00560709,-0.0449731,0.0337735,-0.030622,-0.0059869,-0.0359229,0.0235247,0.0100058,0.0108638,0.0503291,0.0461308,0.0674699,0.00780693,0.109374,0.053045,-0.0148413,0.287716,0.664678,0.715397,0.665272,0.795486,0.35689,0.156098,-0.0144531,-0.0587934,-0.146994,0.0922783,0.00287088,-0.210046,-0.00591482,-0.100023,-0.0407207,0.0892489,0.0998301,0.319198,-1
0.780978,1.3408,1.96328,3.09251,3.7209,3.02645,1.98052,1.00874,-0.0889591,-0.241254,0.386238,0.592337,0.655924,0.804927,0.557207,0.302636,0.436664,0.366234,-0.052912,-0.274893,-0.38188,-0.539452,-0.519506,-0.543751,-0.744282,-0.80257,-0.713533,-0.727069,-0.891035,-0.880522,-0.752774,-0.994663,-1.13707,-1.01502,-1.36911,-1.48478,-1.02217,-1.24747,-1.7115,-1.52631,-1.47884,-1.68835,-1.58599,-1.36356,-1.39026,-1.58527,-1.51553,-1.15718,-1.02628,-1.10422,-0.822706,-0.366604,-0.312524,-0.212619,0.203804,0.289476,0.212268,0.39288,0.507414,0.592226,0.761724,0.744149,0.65503,0.713421,0.802466,0.744214,0.564164,0.512187,0.552133,0.499495,0.498201,0.480835,0.325573,0.325383,0.444007,0.429422,0.374727,0.286485,0.210858,0.300701,0.369822,0.280082,0.19298,0.207962,0.246987,0.20076,0.144638,0.18789,0.151923,-0.0767889,-0.0961287,0.201845,0.217268,-0.176316,-0.235263,0.0151582,1
0.289141,0.438514,1.85785,3.17904,1.91767,0.484484,-0.690422,-0.976125,0.300596,0.684567,-0.052811,0.0352969,0.305371,-0.794713,-1.22634,-1.07034,-1.19581,-1.24129,-1.06064,-1.25706,-1.32053,-1.29593,-1.40235,-1.58435,-1.68211,-1.67309,-1.95335,-1.97794,-1.90777,-1.66034,-1.967,-1.93525,-1.64676,-1.75171,-1.42794,-0.939658,-0.774765,-0.405958,-0.0216619,0.306529,0.562409,0.605109,0.920621,0.913699,1.19576,1.04384,1.02355,1.15449,0.891387,1.02212,0.84417,0.752189,0.779351,0.682205,0.803094,0.497162,0.628159,0.669519,0.715109,0.663285,0.352051,0.458991,0.706324,0.603348,0.352109,0.230217,0.387317,0.276269,0.415908,0.618185,-0.0637436,0.846268,0.897607,0.799579,0.891449,0.723129,1.02868,0.42059,0.300224,0.284476,-0.0557185,0.173625,-0.0787373,-0.00659685,0.0177769,-0.0749813,0.0612689,-0.0967897,0.0371391,-0.130699,-0.0787579,0.217423,-0.0634501,-0.0538274,0.124253,0.206865,1
-0.0225842,0.20521,1.74491,2.32171,1.25239,0.451856,-0.595015,-0.108595,0.539182,0.231456,0.252291,-0.09344,-0.293374,-0.951789,-1.0924,-1.17943,-1.2756,-1.3215,-1.46293,-1.26182,-1.30519,-1.61346,-1.61152,-1.56626,-1.4517,-1.77143,-2.03767,-1.75867,-1.88835,-1.7658,-1.97053,-2.0275,-1.82541,-1.76085,-1.51307,-1.41691,-1.32034,-0.937205,-0.600764,-0.206746,0.00894916,0.122708,0.643792,0.570889,0.637457,0.749801,0.816572,0.698202,0.648073,0.769617,0.768499,0.848225,0.633136,0.653979,0.853951,0.763308,0.741118,0.797395,0.846581,0.823377,0.680004,0.794633,0.832364,0.764115,0.666067,0.722689,0.783581,0.51355,0.623065,0.611757,0.589277,0.680371,0.602377,0.768977,0.986979,1.00812,1.03149,0.841822,0.693125,0.683681,0.563721,0.438639,0.390725,0.416632,0.24159,0.270618,0.334262,0.24865,0.395219,0.326832,0.085146,0.156818,0.265491,0.157866,0.189671,0.253309,1
0.187534,-0.276638,-0.308805,-0.270843,-0.730645,-0.178695,-0.404164,-1.31543,-1.04931,-1.17251,-1.22526,-1.2664,-1.57796,-1.51866,-1.62238,-1.78909,-1.67335,-1.95858,-2.17083,-1.89377,-2.11849,-2.14885,-2.09208,-1.91718,-1.37937,-1.39478,-1.22454,-0.703682,-0.515794,-0.370186,-0.00793991,-0.0605961,0.0491185,0.243056,0.179589,0.377735,0.132413,0.122778,0.586856,0.434799,0.277365,0.390864,0.427532,0.541304,0.567435,0.634036,0.61025,0.602487,0.500725,0.609559,0.716316,0.665265,0.700368,0.347678,0.458507,0.739038,0.523617,0.515083,0.417686,0.301995,0.457247,0.288593,0.152563,0.165661,0.221989,0.355363,0.350256,0.237712,0.293227,0.522986,0.621809,0.584803,0.654542,0.79431,0.846354,0.513707,0.26587,0.380715,0.31813,0.350772,0.443504,0.388448,0.51553,0.17508,0.0873934,0.416011,0.326656,0.401725,0.691121,1.48048,2.22126,2.62298,2.58918,1.93543,0.834745,-0.030336,-1
0.164558,1.10729,2.14696,1.87642,1.64262,0.421712,-1.34786,-0.574368,0.380851,-0.141128,-0.0862511,0.224598,-0.227803,-0.81511,-1.01988,-1.11064,-1.18515,-1.33355,-1.17613,-1.29881,-1.57806,-1.54057,-1.64132,-1.55965,-1.63224,-1.88538,-1.81325,-1.8846,-1.96393,-2.0534,-2.01212,-1.95167,-1.90962,-1.70482,-1.33936,-1.22742,-0.934149,-0.449115,-0.254942,-0.128258,0.178044,0.512852,0.429061,0.78312,0.660741,0.772361,0.940444,0.736592,0.725984,0.670488,0.795683,0.613866,0.549694,0.756679,0.510656,0.536288,0.503668,0.680267,0.879439,0.49186,0.506445,0.712697,0.601076,0.710519,0.675316,0.545878,0.656503,0.563967,0.511067,0.596023,0.463916,0.52364,0.788165,1.1295,1.14945,0.98226,0.894022,0.764151,0.685912,0.413753,0.388349,0.634584,0.313969,0.224092,0.472561,0.184638,0.35553,0.253344,0.119114,0.29623,0.322125,0.263499,0.204502,0.210712,0.397203,0.573049,1
0.416016,1.11395,2.13781,1.97966,0.651616,-0.438816,0.39647,0.959091,0.870908,1.22582,0.393577,-0.426232,-0.66876,-0.875126,-0.917266,-0.926709,-1.04741,-1.08749,-1.10445,-1.40313,-1.48548,-1.59431,-1.86015,-2.04675,-2.17967,-2.33545,-2.59229,-2.51997,-2.56361,-2.43766,-2.18306,-1.72203,-1.18266,-0.851929,-0.298805,0.198691,0.348513,0.583715,0.732795,0.767166,0.787337,0.69327,0.711441,0.585821,0.551436,0.620293,0.546715,0.591471,0.732272,0.635721,0.612287,0.738858,0.650597,0.609376,0.661328,0.655017,0.597535,0.510812,0.545902,0.468088,0.394085,0.520636,0.384814,0.383267,0.429557,0.380675,0.354294,0.25855,0.433317,0.266731,0.276496,0.424848,0.266452,0.224319,0.331743,0.369967,0.561893,0.828783,0.785228,0.501684,0.350567,0.359804,0.234837,0.118084,0.181452,0.10988,0.0554775,0.200306,0.152159,0.149699,0.185645,0.214633,0.149117,0.157562,0.351706,0.119573,1
1.15935,2.5344,2.97232,2.08945,0.416264,-0.0173821,1.22049,1.22125,1.06603,1.35018,0.681393,0.0356391,-0.362039,-0.441509,-0.853152,-0.796413,-0.741986,-0.95344,-1.03062,-0.988442,-1.11263,-1.27112,-1.29874,-1.38844,-1.51447,-1.66657,-1.78395,-1.88655,-2.04745,-2.18381,-2.15448,-2.18571,-2.09369,-1.97385,-1.66814,-1.19742,-0.988785,-0.630666,-0.117649,0.140018,0.343859,0.575233,0.687705,0.748754,0.690037,0.753874,0.774829,0.665287,0.625396,0.645661,0.618509,0.606038,0.639429,0.646455,0.640857,0.553409,0.582478,0.589396,0.616193,0.492295,0.487189,0.488577,0.390595,0.428339,0.423698,0.274192,0.259558,0.373103,0.26054,0.275512,0.307274,0.285282,0.23012,0.18065,0.476716,0.652,0.603534,0.585488,0.61454,0.440675,0.200446,0.168046,-0.0163713,0.0133789,-0.0732553,0.00270938,0.0479061,-0.0896235,-0.0681063,-0.0123484,-0.0117265,-0.0799061,-0.051752,-0.0542286,-0.0817391,0.0355953,1
0.954889,2.19053,3.43843,3.30638,2.75204,0.948614,0.100242,1.00805,0.79991,0.669193,0.751644,0.339618,-0.100437,-0.372774,-0.403669,-0.612503,-0.77438,-0.62467,-0.870583,-0.967191,-0.97904,-1.14571,-1.07893,-1.30197,-1.4584,-1.43098,-1.60225,-1.69083,-1.75429,-1.73973,-1.95765,-1.98006,-1.88786,-1.87332,-1.68356,-1.439,-1.1539,-0.664543,-0.395787,-0.179482,0.375011,0.491104,0.553375,0.773815,0.786546,0.760384,0.779822,0.678363,0.649066,0.628126,0.505395,0.51614,0.509376,0.443094,0.437755,0.508585,0.558391,0.411945,0.505875,0.419696,0.397491,0.428096,0.33317,0.351656,0.241826,0.255731,0.217024,0.0804368,0.136144,0.141178,0.16918,0.117192,0.205453,0.501599,0.574904,0.569781,0.456488,0.290582,0.177746,-0.0353247,-0.104573,0.0637071,-0.00640373,-0.295343,-0.108584,-0.097027,-0.178462,-0.205165,-0.124173,-0.118206,-0.289697,-0.219144,-0.190215,-0.320177,-0.064398,0.219602,1
0.261581,0.579821,1.04952,1.98773,2.35159,1.57283,0.940274,0.323731,-0.345937,-0.446606,-0.410082,-0.274811,-0.271006,-0.404674,-0.437972,-0.690193,-0.868515,-0.976837,-1.02138,-0.916562,-1.08516,-1.0981,-0.982834,-1.0841,-0.990174,-1.07464,-1.30297,-1.18454,-1.26527,-1.59347,-1.58804,-1.56216,-1.79609,-1.79792,-1.61604,-1.72177,-1.87763,-1.74158,-1.47146,-1.34238,-1.42787,-1.39918,-1.12303,-0.889078,-0.58593,-0.302531,-0.377707,-0.329703,0.114345,0.273743,0.1751,0.3206,0.478972,0.477302,0.334705,0.258077,0.41822,0.455703,0.563256,0.642289,0.483374,0.597792,0.616075,0.493797,0.549411,0.607337,0.798918,0.693152,0.593968,1.01734,1.09641,1.00667,1.1743,1.26589,1.37948,1.36629,1.13479,1.29719,1.38404,0.990972,1.00836,0.967726,0.543691,0.554922,0.598824,0.633887,0.616128,0.421859,0.600352,0.630785,0.388428,0.465113,0.547754,0.434158,0.587596,0.549788,1
0.543099,1.22735,2.67949,2.85793,1.70482,-0.020583,-0.689325,0.941541,1.10639,1.07607,1.74482,0.779827,-0.217254,-0.931045,-0.693325,-0.681162,-1.08509,-1.2432,-0.958196,-1.27112,-1.32487,-1.38774,-1.38686,-1.58908,-1.69791,-1.26553,-2.03907,-1.82323,-1.743,-2.14199,-1.64714,-2.06239,-2.02918,-1.22986,-1.37259,-1.08624,-0.689227,-0.371951,0.0492846,0.290822,0.698796,0.761113,0.95659,0.88487,1.32547,1.12168,0.857144,0.82838,0.770344,1.05311,0.666609,0.334528,0.576577,0.723047,0.486914,0.43315,0.734766,0.473767,0.56453,0.295043,0.579506,0.500274,0.206825,0.712965,0.336792,0.150798,0.380307,0.186789,-0.00945975,0.161135,0.295865,0.00768564,0.177109,0.412854,0.26696,0.953726,0.813091,0.251472,0.475924,0.348649,0.216278,-0.16607,-0.177532,0.071613,-0.202676,-0.250249,0.0829409,-0.239447,-0.373754,-0.095986,-0.177538,-0.0430467,-0.159262,-0.239346,-0.060706,-0.264189,1
0.508719,0.809686,1.55281,1.98169,1.62434,1.36282,1.41214,0.973783,0.193694,-0.263771,-0.336444,-0.18885,-0.132841,-0.336617,-0.425024,-0.289957,-0.298976,-0.467447,-0.578004,-0.699521,-0.861832,-0.866051,-0.775109,-0.837789,-0.892238,-0.827369,-0.937493,-1.08863,-0.99066,-0.962439,-1.11482,-1.18606,-1.27808,-1.37668,-1.32271,-1.39489,-1.63854,-1.67685,-1.5464,-1.49452,-1.44164,-1.34265,-1.32431,-1.29798,-1.14852,-1.04935,-0.981991,-0.691825,-0.433981,-0.574376,-0.639005,-0.119748,0.351239,0.185628,0.102834,0.486002,0.574073,0.403974,0.534536,0.586754,0.521812,0.721755,0.684858,0.351602,0.437251,0.71485,0.692021,0.607077,0.604009,0.652742,0.725145,0.687305,0.718208,0.875496,0.844466,0.849138,1.15518,1.26964,1.09791,1.17946,1.39814,1.37286,1.47833,1.79673,1.43833,0.692516,0.930923,1.49724,1.19665,0.857102,0.705114,0.137718,-0.332592,-0.970796,-1.86231,-1.23862,-1
-0.174335,1.35287,2.69155,1.66374,1.6834,0.531175,-1.35371,-0.184066,0.453166,-0.197599,0.0940401,0.445899,-0.31479,-1.16475,-0.997627,-1.1755,-1.15559,-1.23573,-1.40461,-1.38522,-1.40479,-1.33372,-1.42748,-1.64757,-1.79936,-1.84109,-1.82546,-1.79109,-1.82424,-2.00284,-2.00979,-1.73005,-1.73756,-1.66398,-1.46053,-1.14072,-0.985027,-0.616588,-0.113348,-0.117085,0.23537,0.426622,0.488682,0.656378,1.00514,0.91309,0.772859,0.9666,0.87115,0.750995,0.698876,0.645894,0.652456,0.641199,0.677832,0.620337,0.689755,0.674149,0.656118,0.685023,0.730642,0.669336,0.663556,0.671146,0.636685,0.710598,0.684157,0.540022,0.451125,0.58766,0.505505,0.4531,0.772917,0.893612,0.902604,0.970007,0.952588,0.603839,0.595554,0.613782,0.239005,0.305049,0.279298,0.222918,0.0141285,0.295546,0.332736,0.015243,0.311506,0.183217,0.0986109,0.137089,0.132262,0.253205,0.0190051,0.12422,1
0.54279,2.06405,2.80597,1.55947,0.158671,-0.704911,-0.023513,0.578096,0.418335,0.53747,0.110324,-0.187621,-0.462966,-0.678487,-0.6666,-0.727207,-0.772098,-0.881305,-0.849694,-1.26775,-1.21954,-1.13384,-1.42794,-1.56426,-1.82161,-1.74852,-1.92904,-2.13554,-2.24639,-2.21565,-2.15109,-2.33123,-1.94142,-1.54254,-1.39259,-0.940516,-0.622627,-0.144316,0.328563,0.569865,0.999136,0.967862,0.833336,1.22044,1.07592,0.955401,1.0877,0.862716,0.736446,0.85794,0.781048,0.84238,0.812687,0.654575,1.01223,0.852688,0.613527,0.830375,0.746485,0.558075,0.734109,0.716169,0.657066,0.583632,0.630827,0.593981,0.414792,0.615736,0.485154,0.436249,0.441663,0.352733,0.402256,0.320679,0.701777,0.593954,0.702734,0.657884,0.0277796,0.208967,0.0682655,-0.117988,-0.105018,-0.0906525,-0.187479,-0.130784,-0.120559,-0.0903101,-0.121181,-0.247963,-0.0148048,-0.0318343,-0.16429,-0.0630929,-0.106026,0.00184266,1
0.566884,0.592768,2.15057,3.30197,1.75823,-0.109592,-1.39946,-0.599414,0.236264,0.182997,-0.109137,-0.372019,0.101761,-0.910475,-1.02451,-1.01191,-1.15438,-1.29018,-1.2731,-1.1593,-1.29988,-1.59956,-1.47915,-1.40468,-1.67149,-1.61177,-1.90067,-2.03971,-1.84743,-2.0188,-2.05589,-1.58115,-1.73079,-1.61917,-1.79779,-0.572504,-0.362238,-0.432578,0.277594,-0.174725,1.02265,0.623048,1.06216,1.13612,0.915922,0.953718,0.781107,0.95437,0.498875,0.823145,0.760741,0.509694,0.698276,0.190787,0.73331,0.3012,0.380082,0.854311,0.461706,0.225235,0.39193,0.537716,0.465549,0.334607,0.315631,0.331414,0.252758,0.422465,0.337338,0.0230328,0.481806,0.0716603,0.38076,0.91484,0.65785,0.897678,0.961192,0.750309,0.440269,0.392892,0.427091,0.159156,0.289515,0.1222,0.156071,0.433539,0.487831,0.19882,0.0580439,0.422921,0.443919,0.227256,0.511629,0.35541,0.309718,0.593142,1
0.789228,2.0528,3.61153,3.81773,2.46579,0.697775,-0.766283,0.379669,0.764039,0.257734,0.530114,0.199019,0.350278,-0.312424,-0.320418,-0.461882,-0.555454,-0.667192,-0.749465,-0.885046,-0.980849,-1.06311,-1.04954,-1.12505,-1.51796,-1.48088,-1.51011,-1.64775,-1.75775,-1.80272,-1.79231,-1.86878,-1.70353,-1.57786,-1.33273,-1.14284,-0.981067,-0.240343,-0.146569,0.0346523,0.607216,0.480343,0.880519,0.83146,0.881945,1.05507,1.00517,0.928352,0.822098,0.837634,0.793313,0.646072,0.582519,0.652384,0.522806,0.473843,0.561956,0.583315,0.528557,0.406363,0.499389,0.417381,0.424875,0.36774,0.338712,0.319589,0.0498303,0.362995,0.307376,0.00361827,0.0335931,-0.000222518,0.150167,0.387586,0.348191,0.443689,0.468415,0.43036,0.146044,-0.141663,-0.0881095,-0.235761,-0.377008,-0.527538,-0.273224,-0.319138,-0.487958,-0.42076,-0.396894,-0.443961,-0.472415,-0.37749,-0.345073,-0.341795,-0.449122,-0.392787,1
0.0688466,0.808845,2.60796,3.6403,2.0933,0.426041,-0.956752,-0.451701,0.296883,0.433011,0.353091,-0.336039,0.147402,-0.673659,-0.916815,-0.901281,-0.993105,-0.935814,-1.23724,-1.1273,-1.28265,-1.54743,-1.42922,-1.43372,-1.45395,-1.82901,-1.98192,-1.87789,-2.05994,-1.95376,-1.82483,-1.97934,-1.28367,-1.42644,-1.47807,-0.787449,-0.603581,-0.249786,-0.0227409,0.398477,0.67979,0.738416,1.07795,0.966268,0.990122,1.16016,1.01583,0.942814,0.863698,0.757269,0.575391,0.660739,0.883357,0.579937,0.549368,0.756273,0.527758,0.505166,0.627762,0.642416,0.611299,0.510073,0.444916,0.567724,0.411046,0.356705,0.483128,0.371721,0.406204,0.16769,0.320645,0.36711,0.447632,0.841984,0.897232,0.64747,0.474287,0.336513,0.281502,0.123205,-0.0575636,0.0104013,-0.0179345,-0.176285,-0.233774,0.296826,-0.108954,-0.169384,-0.0557444,-0.105168,0.0186231,-0.162311,-0.0895952,-0.0719688,0.03869,0.0765326,1
0.927565,1.26533,2.69474,3.9203,2.62254,1.57891,0.322936,0.0338361,1.32152,1.42289,1.02306,1.19968,1.10877,0.0270133,-0.44295,-0.510689,-0.562877,-0.705421,-0.750278,-0.890629,-0.842074,-0.836515,-1.18185,-1.18279,-1.13173,-1.28405,-1.51647,-1.69582,-1.69655,-1.79253,-1.89762,-1.87717,-1.77124,-1.66296,-1.53716,-1.29096,-1.01822,-0.707049,-0.554552,-0.210212,0.230407,0.205462,0.445852,0.606197,0.746929,0.726454,0.825639,0.989298,0.796146,0.638087,0.60042,0.752383,0.711557,0.462135,0.480552,0.609951,0.710687,0.412618,0.455356,0.582111,0.446165,0.424904,0.384999,0.378257,0.360841,0.373229,0.200373,0.0776666,0.222768,0.0689808,0.0649502,-0.0656618,0.177378,0.402204,0.367161,0.542286,0.386472,0.246749,0.0676583,-0.164592,-0.141528,-0.405963,-0.393213,-0.330641,-0.576497,-0.407211,-0.354367,-0.580972,-0.399752,-0.487126,-0.540876,-0.408693,-0.567903,-0.471686,-0.443794,-0.359546,1
0.342638,0.882263,1.64261,1.96292,1.7741,1.64333,1.24592,0.561809,-0.0329951,-0.34645,-0.118608,-0.0526803,-0.408535,-0.266702,-0.0684616,-0.299021,-0.432111,-0.640489,-0.920193,-0.950607,-0.975779,-1.07521,-1.13485,-1.16795,-1.19091,-1.25935,-1.36566,-1.43392,-1.5118,-1.63922,-1.67451,-1.69289,-1.82137,-1.84157,-1.79064,-1.87747,-1.89898,-1.77902,-1.70765,-1.57585,-1.30881,-1.14286,-1.02672,-0.748485,-0.459055,-0.285409,-0.162078,-0.151068,-0.138613,0.110336,0.268457,0.19691,0.341591,0.473356,0.37149,0.465783,0.540895,0.36441,0.265279,0.330288,0.432677,0.287579,0.100555,0.303066,0.39592,0.274632,0.394204,0.429139,0.339625,0.546745,0.822032,0.896851,0.955367,1.06465,1.14242,1.20792,1.20966,1.17014,1.10386,0.895643,0.804372,0.875872,0.806036,0.832048,0.944849,0.847505,0.805868,0.841872,0.750779,0.775697,0.893917,0.738483,0.559576,0.749288,0.90113,0.490195,1
1.21063,2.00331,1.7456,1.47579,0.198871,0.106531,1.0173,0.817428,0.998335,0.821595,-0.299001,-0.676854,-0.682352,-0.962813,-0.972132,-1.00232,-1.09929,-1.05268,-1.26043,-1.32821,-1.3952,-1.54802,-1.70763,-1.94726,-2.07727,-2.22871,-2.31567,-2.47652,-2.54998,-2.38329,-2.19077,-2.02272,-1.55022,-1.1347,-0.719651,-0.22868,0.108052,0.322133,0.494576,0.666503,0.661583,0.633793,0.558315,0.534853,0.482139,0.388603,0.399412,0.393937,0.396907,0.421661,0.380752,0.466932,0.484185,0.469306,0.558599,0.458226,0.4783,0.476968,0.492551,0.42788,0.491649,0.419938,0.380635,0.44768,0.366126,0.328535,0.315341,0.444439,0.38678,0.356754,0.443682,0.429941,0.473995,0.637197,0.786688,1.04913,0.87613,0.634689,0.645613,0.464733,0.463336,0.424371,0.262184,0.225352,0.342046,0.364366,0.258361,0.217934,0.2691,0.338193,0.294351,0.227055,0.408318,0.357255,0.617198,0.811708,1
0.593136,0.802509,0.0670216,0.0521607,-0.121679,-0.262023,-0.339942,-1.00624,-0.598987,-0.529705,-1.18561,-1.00532,-0.898769,-1.09176,-1.4072,-1.4293,-1.62504,-1.57331,-1.91923,-1.74836,-1.80579,-1.89716,-1.72934,-2.26918,-1.78492,-1.74603,-1.74755,-0.729988,-0.84418,-0.426725,-0.266338,-0.0795073,1.17733,0.733476,0.650126,1.17877,1.07901,0.941149,1.08959,1.11709,0.814799,1.34281,0.605019,0.872742,0.512319,0.724904,1.08847,0.774108,0.708706,0.791533,0.709913,0.489966,0.789939,0.501267,0.645516,0.766402,0.154915,0.415647,0.314238,0.420522,0.323424,0.278223,-0.090264,0.0828596,0.535259,0.247576,0.561399,0.309526,0.272716,0.218107,0.273935,-0.0179049,-0.138921,-0.210144,-0.113751,0.093109,-0.42413,-0.18866,0.0483081,-0.665211,-0.304843,0.00487598,-0.41412,-0.196767,-0.179183,-0.513763,-0.413979,0.108724,-0.0233261,1.22338,3.04731,2.40259,2.43576,1.27669,-0.797844,0.0931267,1
0.703709,2.13298,3.55962,3.36336,2.64014,1.26047,-0.490607,-0.0904133,0.539447,0.254317,0.341556,0.347245,0.280739,-0.058395,-0.692865,-0.89371,-0.50979,-0.856621,-0.884521,-0.938225,-1.25687,-1.06578,-1.2761,-1.28513,-1.48052,-1.61289,-1.49552,-2.0529,-1.64169,-1.73847,-1.89488,-1.72962,-2.10265,-1.39892,-1.11614,-1.38256,-1.00092,-0.451164,-0.11216,-0.125441,0.384305,0.522681,0.640228,0.836798,0.913349,0.973744,0.855057,0.916832,0.789536,0.815996,0.764571,0.49983,0.65677,0.57289,0.614842,0.540896,0.390776,0.477981,0.37672,0.566134,0.324026,0.244785,0.439701,0.237773,0.255664,0.284756,0.345404,0.153798,-0.0788105,0.224591,0.293752,-0.0828371,0.0590708,0.373415,0.76557,0.427003,0.527567,0.505783,0.131543,0.129506,-0.150995,0.126733,-0.234283,-0.292176,-0.264706,-0.0960062,-0.184226,-0.190903,-0.14322,-0.243677,-0.0450455,-0.20657,-0.21479,-0.204439,-0.259473,0.143672,1
2.16672,2.28421,1.78549,1.92324,2.22439,1.69074,0.592799,-0.198141,-0.434265,-0.459578,-0.565033,-0.71309,-0.759615,-0.799381,-0.956211,-1.06158,-1.01033,-0.965592,-1.01395,-1.10659,-1.22178,-1.30702,-1.28258,-1.24993,-1.32725,-1.42591,-1.47678,-1.5197,-1.54501,-1.54571,-1.52989,-1.5441,-1.63283,-1.62352,-1.46941,-1.41563,-1.42205,-1.30892,-1.14636,-0.930818,-0.674933,-0.51149,-0.336275,-0.0664632,0.136388,0.263257,0.439548,0.62767,0.748255,0.8321,0.899686,0.969958,1.06768,1.04979,0.930975,0.996173,1.16292,1.21746,1.26042,1.22068,1.06655,1.0374,1.0281,0.876337,0.718325,0.566461,0.442317,0.427976,0.409835,0.360887,0.351489,0.320146,0.281167,0.306487,0.304559,0.23258,0.232213,0.27865,0.221461,0.197719,0.306781,0.340479,0.257224,0.159486,0.0823768,0.132717,0.251383,0.244088,0.152671,0.0814872,0.100389,0.228723,0.2539,0.137944,0.199306,0.477562,-1
0.918996,1.06883,0.982722,1.52015,2.31035,2.30795,1.75444,1.51357,1.3181,0.671612,0.0622021,-0.0559911,0.0587476,0.0301989,-0.207137,-0.31797,-0.186785,-0.220706,-0.305895,-0.113041,-0.218372,-0.741261,-0.810727,-0.568702,-0.762141,-1.03477,-0.999507,-0.9867,-1.06707,-1.13466,-1.22435,-1.26829,-1.33592,-1.47153,-1.49485,-1.57139,-1.86266,-1.95045,-1.7486,-1.70541,-1.80335,-1.77236,-1.69008,-1.62955,-1.57516,-1.5344,-1.38598,-1.14219,-0.93928,-0.67225,-0.365134,-0.264308,-0.240731,-0.0509203,0.171036,0.326758,0.503618,0.616885,0.586083,0.583917,0.665619,0.641496,0.573761,0.685577,0.782334,0.661286,0.606563,0.709742,0.739928,0.759588,0.810703,0.720061,0.598379,0.610226,0.659953,0.665779,0.538869,0.309144,0.345122,0.711443,0.940777,0.878438,0.810393,0.812046,0.74804,0.607648,0.509243,0.53016,0.554206,0.495209,0.517793,0.62778,0.634059,0.634131,0.64785,0.381062,-1
1.39711,2.28858,2.43404,2.35457,2.32256,1.98343,1.31027,0.648079,-0.0172228,-0.510813,-0.360407,-0.0942969,-0.422893,-0.599536,-0.156528,-0.0146796,-0.313246,-0.436949,-0.653249,-0.961357,-0.799077,-0.636792,-0.953545,-1.10252,-1.00397,-1.174,-1.23703,-0.948789,-0.928233,-1.22555,-1.36037,-1.37782,-1.43155,-1.48364,-1.60238,-1.66198,-1.52691,-1.54673,-1.8137,-1.84382,-1.61246,-1.54205,-1.5475,-1.31931,-0.986736,-0.774358,-0.643218,-0.519826,-0.41192,-0.272265,-0.0560577,0.137966,0.231006,0.316264,0.410624,0.433637,0.492595,0.599992,0.553456,0.518796,0.685888,0.674083,0.448797,0.510027,0.657052,0.455006,0.317115,0.469511,0.455647,0.311998,0.395546,0.507228,0.459703,0.46915,0.551158,0.51315,0.41826,0.417033,0.467111,0.556021,0.788618,1.01567,0.923119,0.692489,0.721543,0.827635,0.728567,0.632874,0.673498,0.756553,0.853343,0.75986,0.493226,0.581699,0.836668,0.427485,-1
0.992927,2.32284,2.35058,2.5804,2.63501,1.46742,-0.128954,-0.907389,-1.0144,-1.31877,-1.3309,-1.27286,-1.3168,-1.55664,-1.33847,-1.50925,-1.58481,-1.65305,-1.94894,-1.84836,-1.8435,-1.84975,-1.78244,-1.66607,-1.54201,-1.20423,-0.931476,-0.591653,-0.297575,-0.157724,0.56933,0.247289,0.93646,0.5076,1.13037,0.636446,0.743463,0.659232,0.592011,0.468528,0.29239,0.638524,0.357348,0.377386,0.366201,0.320365,0.357638,0.324805,0.135413,0.249386,0.258776,0.112926,0.170716,0.109998,0.0490291,0.0892608,0.128389,0.1296,0.0025815,0.0932499,0.133126,-0.106523,0.00809887,0.0382014,-0.110823,-0.120416,-0.111785,0.0497256,0.0884606,0.263638,0.530912,0.163039,0.274377,0.0233959,0.107349,-0.157199,-0.107253,0.0431852,-0.0978376,0.0166126,-0.0540939,-0.286761,-0.108166,-0.0892464,-0.20701,-0.0127865,-0.184078,-0.290553,-0.103901,0.0381095,0.39968,2.00672,2.25937,2.07866,0.981339,-0.16344,-1
0.597829,1.25743,2.7585,4.08699,2.45221,0.816636,-0.776343,-0.503964,0.587363,0.181733,0.113806,-0.0197529,0.302572,-0.357189,-0.722126,-0.734697,-1.01811,-0.684829,-0.925433,-1.10365,-1.26055,-1.01728,-1.18084,-1.72599,-1.43239,-1.96829,-1.59413,-1.47864,-2.35151,-1.75018,-1.96227,-1.87148,-1.58071,-1.55563,-1.18981,-1.02053,-0.408167,-0.0933721,0.267257,0.45376,0.340828,1.06653,1.04292,0.842109,0.940172,0.983939,0.976999,0.815873,0.7779,0.818607,0.472303,0.546074,0.711328,0.345454,0.590419,0.456537,0.370545,0.851787,0.222743,0.398406,0.284601,0.497365,0.701204,0.0752992,0.350712,0.258752,0.230561,0.288776,0.0773669,0.236897,0.16692,-0.0696385,0.337118,0.615412,0.586991,0.711235,0.637116,0.542945,0.349567,0.16303,-0.0451726,-0.166413,0.105939,-0.156976,-0.0262051,-0.0637281,-0.370074,-0.0749816,-0.213822,-0.132811,-0.216828,-0.346576,-0.014023,-0.184166,-0.176845,-0.11922,1
0.98308,0.841069,1.96829,3.09551,2.3677,1.2316,0.0955066,0.73456,0.557045,0.148761,-0.0465052,-0.259523,0.0777552,-0.721061,-0.561298,-0.685558,-0.863073,-0.916327,-1.05834,-1.32461,-1.48437,-1.8039,-1.96366,-2.22994,-2.53171,-2.60272,-2.53171,-2.56721,-2.49621,-2.07017,-1.69739,-1.28911,-0.934079,-0.437038,-0.0997596,-0.0997596,0.361779,0.521542,0.645802,0.273021,0.503791,0.308524,0.432785,0.361779,0.37953,0.290773,0.539294,0.308524,0.628051,0.574796,0.610299,0.574796,0.25527,0.610299,0.344027,0.574796,0.415033,0.219767,0.273021,0.557045,0.308524,0.25527,0.290773,0.273021,0.503791,0.184264,0.308524,0.237518,0.0600037,0.166513,0.202015,-0.0642566,0.219767,0.184264,0.202015,0.0955066,-0.170765,0.503791,0.184264,0.184264,0.113258,0.326276,0.25527,0.25527,0.539294,0.308524,0.592548,0.574796,0.344027,0.450536,0.397282,0.486039,0.326276,0.290773,0.486039,0.73456,-1
1.30846,2.53268,2.56725,1.13173,-0.0421691,0.556793,1.13417,0.90655,1.06407,0.483582,-0.333102,-0.306492,-0.64863,-0.79981,-0.814631,-0.882005,-1.00286,-1.24566,-1.21654,-1.26083,-1.69244,-1.6719,-1.89803,-2.16986,-2.18523,-2.48294,-2.42978,-2.47553,-2.25627,-1.92501,-1.58287,-1.1123,-0.628684,-0.197587,0.0742026,0.244539,0.512976,0.705155,0.553883,0.566634,0.769924,0.501837,0.425626,0.687196,0.503317,0.564069,0.605736,0.57315,0.61751,0.585752,0.530469,0.553883,0.699729,0.509419,0.434743,0.508505,0.451747,0.411384,0.326029,0.438771,0.34449,0.221022,0.18236,0.296404,0.195745,0.0822299,0.251616,0.0617324,0.116089,0.0449294,0.222059,0.479386,0.486132,0.536001,0.350843,0.26337,0.0502372,-0.0245889,-0.0402398,-0.0817218,0.0173247,-0.184965,0.0205269,-0.0413232,0.0503184,0.044883,-0.131496,-0.0333678,0.0971543,0.0806087,0.418169,1.47568,2.17554,0.825158,-0.540976,-0.0916317,1
0.556866,0.818284,0.967844,1.34049,1.93174,2.36618,2.33755,1.89982,1.36906,0.899705,0.361144,-0.176984,-0.34963,-0.180126,-0.137353,-0.313813,-0.395196,-0.344659,-0.313546,-0.278899,-0.278841,-0.433794,-0.594971,-0.621177,-0.679394,-0.817019,-0.860139,-0.843161,-0.895598,-0.921223,-0.88929,-0.964831,-1.11425,-1.16209,-1.15773,-1.2233,-1.3407,-1.48626,-1.62752,-1.64695,-1.55917,-1.54068,-1.61078,-1.62798,-1.60037,-1.63507,-1.6498,-1.47202,-1.17592,-1.00495,-0.970299,-0.880951,-0.732016,-0.63995,-0.525092,-0.28097,-0.0623837,-0.02195,-0.0190323,0.103831,0.243796,0.237868,0.156501,0.190932,0.353071,0.501563,0.544183,0.488432,0.442932,0.547236,0.718455,0.70816,0.579329,0.628764,0.79178,0.76626,0.610057,0.60153,0.754656,0.904161,1.02136,1.10796,1.06233,0.893309,0.799846,0.838401,0.81935,0.70345,0.743092,1.00567,1.16475,1.06586,1.04704,1.26945,1.22434,0.569424,-1
0.735438,1.86998,2.23783,1.39573,0.211073,-1.48239,-1.04721,0.15702,-0.221233,0.0195469,0.0530347,-0.163314,-0.366896,-0.957367,-1.10391,-1.34086,-1.03703,-1.28427,-1.36413,-1.27919,-1.40023,-1.40803,-1.46928,-1.69187,-1.67821,-1.46733,-1.82449,-1.9068,-1.92989,-1.71273,-1.89472,-1.93758,-1.63802,-1.7445,-1.43299,-1.2872,-1.21584,-0.684932,-0.370724,-0.234531,-0.0864093,0.273938,0.381042,0.653954,0.519859,0.677032,0.891868,0.769126,0.698658,0.774911,0.84246,0.704446,0.727424,0.596318,0.645633,0.864592,0.665246,0.623935,0.471207,0.822905,0.870452,0.528404,0.701671,0.760797,0.664049,0.657849,0.658262,0.752229,0.67946,0.496654,0.705674,0.49551,0.881768,0.955247,1.10161,1.22544,0.85129,1.01117,0.662936,0.545215,0.771431,0.373831,0.364601,0.375652,0.40421,0.454846,0.241591,0.3437,0.333254,0.340256,0.450085,0.208595,0.291814,0.484052,0.440916,0.295399,1
0.41501,0.673677,1.91911,3.21627,2.88949,2.65098,1.21604,-0.221937,0.310576,0.410786,-0.0412934,-0.229715,0.101393,-0.101647,-0.775071,-0.3689,-0.596241,-0.959124,-0.856701,-0.992418,-1.08889,-1.04171,-1.10478,-1.25955,-1.33235,-1.43359,-1.58782,-1.63633,-1.58098,-1.88497,-1.85021,-1.5605,-2.15869,-1.89499,-1.58866,-1.77346,-1.45006,-1.26217,-0.665213,-0.178225,0.0361226,0.416544,0.548315,0.668365,0.772968,0.871757,1.02277,1.06391,0.872776,0.670653,1.0432,0.847606,0.495117,0.765667,0.559188,0.674798,0.59264,0.492021,0.709144,0.621534,0.490308,0.54992,0.659182,0.495475,0.549394,0.40262,0.208184,0.557792,0.26728,0.27608,0.315855,0.108031,0.162471,0.232011,0.617035,0.685546,0.542231,0.595289,0.267953,0.206686,0.0279077,-0.175753,0.194381,-0.0970932,-0.32245,-0.00219394,0.0525432,-0.0966478,-0.322241,-0.194787,-0.20157,-0.246776,-0.176619,-0.419867,-0.252878,-0.0275298,1
0.437071,0.182741,-0.388576,-1.07631,-1.24792,-0.730826,-0.177952,-0.112469,-0.236926,-0.101543,0.0663723,-0.149237,-0.573925,-0.712006,-0.540225,-0.415914,-0.489675,-0.614133,-0.725574,-0.866293,-0.995173,-1.01975,-0.995173,-1.03801,-1.16367,-1.29106,-1.39957,-1.50052,-1.60177,-1.70994,-1.83767,-1.92082,-1.87137,-1.72917,-1.65232,-1.66882,-1.63547,-1.48147,-1.33217,-1.25946,-1.14682,-0.91981,-0.742424,-0.755507,-0.809824,-0.626791,-0.203227,0.180671,0.319121,0.333518,0.437071,0.621314,0.68982,0.629387,0.65612,0.884334,1.11107,1.13673,1.04367,1.02409,1.04367,0.955517,0.790919,0.751103,0.892019,1.04969,1.06052,0.966376,0.908869,0.931439,0.942569,0.886226,0.841469,0.899074,1.00997,1.05327,1.00997,0.97006,0.993118,1.04612,1.06052,0.986712,0.841469,0.731809,0.757219,0.854101,0.858319,0.763437,0.757219,0.923777,1.09422,1.10396,1.02682,1.0053,1.00997,0.93739,-1
1.22592,1.85085,2.82942,3.26327,2.16003,1.34725,0.605801,-0.755815,-0.842145,-0.0200852,-0.257511,-0.458006,-0.201908,-0.320524,-0.330164,-0.286784,-0.384129,-0.457394,-0.793931,-0.977113,-0.645423,-0.757326,-1.05114,-0.970991,-1.206,-1.38351,-1.24447,-1.31423,-1.47735,-1.67146,-1.73529,-1.61063,-1.73417,-1.95162,-1.7901,-1.61977,-1.66081,-1.53375,-1.32335,-1.22141,-1.04612,-0.687455,-0.375343,-0.295424,-0.143246,0.129813,0.284521,0.364611,0.404892,0.405485,0.404202,0.356924,0.36217,0.440922,0.377491,0.344219,0.389233,0.181166,0.121408,0.209076,0.0731021,0.127917,0.20967,0.108417,0.0968715,0.253693,0.628395,0.778613,0.707466,0.765602,0.695422,0.737059,1.00006,1.11252,1.1496,1.26693,1.42263,1.30738,1.03009,0.897607,0.629406,0.466985,0.560968,0.469512,0.437763,0.538593,0.383591,0.195778,0.170583,0.103255,0.134424,0.209057,0.0607333,-0.11546,-0.113105,-0.0238942,1
0.581277,0.876188,1.04277,1.79612,2.5414,2.24665,1.50039,1.03152,0.382672,-0.197561,-0.169938,0.011444,-0.014047,-0.0766108,-0.0609812,0.0916197,0.224723,-0.0135608,-0.476781,-0.65885,-0.674972,-0.832897,-0.850541,-0.737077,-0.808637,-0.870819,-0.893871,-1.05357,-1.16449,-1.18689,-1.17161,-1.13029,-1.28047,-1.45783,-1.4538,-1.56075,-1.7141,-1.74096,-1.87697,-1.97525,-1.84981,-1.85447,-1.93989,-1.64672,-1.25724,-1.2498,-1.21513,-0.926867,-0.768457,-0.542594,-0.205041,-0.141968,0.0320763,0.380844,0.447768,0.532237,0.623532,0.512156,0.688791,0.94772,0.827412,0.729604,0.7112,0.570643,0.598944,0.764949,0.719343,0.563323,0.517305,0.498195,0.504544,0.591249,0.562379,0.447038,0.452398,0.4407,0.449134,0.657936,0.771284,0.68832,0.760576,0.951067,0.951675,0.869962,0.96021,1.07031,1.00277,0.907869,0.916457,0.923975,0.767357,0.656223,0.762357,0.501373,-0.333336,-0.524546,1
2.68902,2.7087,2.00838,2.2358,1.51698,0.0299165,-0.561346,-0.793702,-0.979371,-1.28816,-1.17813,-1.38999,-1.38432,-1.47992,-1.61747,-1.6068,-1.70731,-1.83338,-1.75117,-1.88375,-1.91339,-1.99863,-1.84381,-1.93084,-1.73399,-1.57872,-1.36867,-1.06699,-0.686882,-0.382549,0.00583756,0.286448,0.564348,0.763883,0.924309,1.17678,1.01959,1.05655,0.974529,0.972086,0.79757,0.805325,0.781013,0.793974,0.645138,0.666089,0.63825,0.600229,0.518067,0.646371,0.512118,0.47816,0.341866,0.401038,0.409393,0.304712,0.25777,0.387559,0.250755,0.260461,0.117192,0.13005,0.306629,0.0931035,0.093169,0.0695594,0.217294,0.0640193,0.19103,0.0801149,0.123765,0.164131,0.245517,0.598562,0.785952,0.632892,0.601114,0.396554,0.184871,0.239439,0.0487804,0.0147013,0.0567743,-0.159521,-0.0229063,-0.1374,-0.13661,-0.0721759,-0.0827377,-0.138468,-0.120396,-0.0894115,-0.243141,-0.11971,0.124042,0.273463,-1
0.197677,0.455417,0.97311,1.93596,2.25946,1.74134,1.1583,0.418241,-0.0716051,-0.24125,-0.243478,-0.263902,-0.621656,-0.418716,-0.188502,-0.623142,-0.93579,-1.11782,-1.24503,-1.32777,-1.35432,-1.26186,-1.28088,-1.36788,-1.50939,-1.74899,-1.69114,-1.57544,-1.8345,-1.84797,-1.77469,-2.05957,-2.17984,-2.02134,-1.79973,-1.58947,-1.45067,-1.29291,-1.03617,-0.729064,-0.415319,-0.202843,0.000305116,0.215112,0.295563,0.405038,0.455402,0.54208,0.736765,0.671499,0.637183,0.779346,0.678129,0.557367,0.634623,0.57044,0.466186,0.484099,0.468112,0.434148,0.43444,0.468845,0.437875,0.464744,0.529423,0.505021,0.595805,0.606654,0.578332,0.657457,0.660664,0.804206,0.950174,0.866321,1.0015,1.26678,1.26127,1.26219,1.19963,0.943059,0.833524,0.691574,0.418308,0.426017,0.578058,0.58023,0.482452,0.325569,0.247991,0.184127,0.0503579,0.241988,0.331451,-0.120006,0.0424226,0.343293,-1
0.1795,1.03841,1.94642,2.70514,1.67071,-0.101167,-1.57888,-0.750906,0.17531,0.0649009,0.443132,0.034639,0.00954256,-0.539524,-0.770374,-0.864598,-1.2169,-1.12207,-1.29705,-1.05625,-1.26845,-1.49273,-1.49986,-1.64297,-1.51112,-1.84093,-1.59264,-1.76533,-2.07823,-1.80196,-2.02996,-2.01981,-1.98559,-1.72446,-1.65641,-1.54225,-1.11003,-0.718238,-0.300933,-0.232943,0.303593,0.463983,0.497064,0.86969,0.931482,0.776606,0.957227,0.842707,0.599979,0.83158,0.489514,0.374498,0.725806,0.564274,0.660958,0.524051,0.466719,0.617062,0.684901,0.461434,0.50701,0.542802,0.531181,0.730128,0.774075,0.551152,0.417327,0.581276,0.494547,0.492442,0.487352,0.461255,0.64846,0.998792,0.962698,1.04219,0.758785,0.613773,0.739696,0.419647,0.586495,0.344659,0.207503,0.52698,0.272584,0.34841,0.324323,0.330489,0.111953,0.448948,0.567132,0.136757,0.444768,0.15105,0.193378,0.451709,1
0.0731242,0.776054,2.18134,3.44033,2.16847,0.497315,-0.924284,-1.49923,-0.679328,-0.549892,-0.787257,-0.865248,-0.672813,-0.438372,-0.759575,-1.24708,-0.767535,-0.903549,-1.19472,-1.12195,-0.983558,-1.24392,-1.42285,-1.24701,-1.56115,-1.48874,-1.24209,-1.52245,-1.95119,-1.88146,-1.75146,-1.81975,-1.56299,-1.43817,-1.35978,-0.816034,-0.6196,-0.489861,-0.15567,0.112853,0.591858,0.718147,0.655063,0.751822,1.09834,1.27925,1.05632,0.994646,1.1167,0.899904,0.753558,0.930032,0.91517,0.778158,0.755088,0.76912,0.796519,0.839543,0.761567,0.629959,0.941793,0.514841,0.571688,0.840112,0.57367,0.717316,0.811504,0.637318,0.220638,0.685226,0.526078,0.441061,0.329281,0.605221,0.993767,0.833439,0.74054,0.618121,0.625787,0.468646,0.0597554,0.0969816,0.196858,-0.00212685,-0.0943842,-0.253487,-0.058935,-0.130638,-0.347235,-0.177933,-0.0603316,-0.347634,-0.447443,-0.066689,-0.178448,-0.256052,1
